datetime,open,high,low,close,volume
1970-12-31T00:00:00+00:00,2.3938,2.3938,2.3938,2.3938,0
1971-01-07T00:00:00+00:00,2.3938,2.3938,2.3938,2.3938,0
1971-01-14T00:00:00+00:00,2.3938,2.3938,2.3938,2.3938,0
1971-01-21T00:00:00+00:00,2.3938,2.3938,2.3938,2.3938,0
1971-01-28T00:00:00+00:00,2.3938,2.3938,2.3938,2.3938,0
1971-02-04T00:00:00+00:00,2.3938,2.3938,2.3938,2.3938,0
1971-02-11T00:00:00+00:00,2.3938,2.4193,2.3938,2.4193,0
1971-02-18T00:00:00+00:00,2.4193,2.4193,2.4193,2.4193,0
1971-02-25T00:00:00+00:00,2.4193,2.4193,2.4193,2.4193,0
1971-03-04T00:00:00+00:00,2.4193,2.4193,2.4193,2.4193,0
1971-03-11T00:00:00+00:00,2.4193,2.4193,2.4193,2.4193,0
1971-03-18T00:00:00+00:00,2.4193,2.4193,2.4193,2.4193,0
1971-03-25T00:00:00+00:00,2.4193,2.4193,2.4193,2.4193,0
1971-04-01T00:00:00+00:00,2.4193,2.4193,2.4193,2.4193,0
1971-04-08T00:00:00+00:00,2.4193,2.4193,2.4193,2.4193,0
1971-04-15T00:00:00+00:00,2.4193,2.4193,2.4193,2.4193,0
1971-04-22T00:00:00+00:00,2.4193,2.4193,2.4193,2.4193,0
1971-04-29T00:00:00+00:00,2.4193,2.4193,2.4193,2.4193,0
1971-05-06T00:00:00+00:00,2.4193,2.4193,2.4193,2.4193,0
1971-05-13T00:00:00+00:00,2.4193,2.4193,2.4193,2.4193,0
1971-05-20T00:00:00+00:00,2.4193,2.4193,2.4193,2.4193,0
1971-05-27T00:00:00+00:00,2.4193,2.4193,2.4162,2.4162,0
1971-06-03T00:00:00+00:00,2.4162,2.4162,2.4162,2.4162,0
1971-06-10T00:00:00+00:00,2.4162,2.4162,2.4162,2.4162,0
1971-06-17T00:00:00+00:00,2.4162,2.4162,2.4162,2.4162,0
1971-06-24T00:00:00+00:00,2.4162,2.4162,2.4162,2.4162,0
1971-07-01T00:00:00+00:00,2.4162,2.4181,2.4162,2.4181,0
1971-07-08T00:00:00+00:00,2.4181,2.4181,2.4181,2.4181,0
1971-07-15T00:00:00+00:00,2.4181,2.4181,2.4181,2.4181,0
1971-07-22T00:00:00+00:00,2.4181,2.4181,2.4181,2.4181,0
1971-07-29T00:00:00+00:00,2.4181,2.4181,2.4181,2.4181,0
1971-08-05T00:00:00+00:00,2.4181,2.4181,2.4181,2.4181,0
1971-08-12T00:00:00+00:00,2.4181,2.4181,2.4181,2.4181,0
1971-08-19T00:00:00+00:00,2.435,2.435,2.435,2.435,0
1971-08-26T00:00:00+00:00,2.435,2.435,2.435,2.435,0
1971-09-02T00:00:00+00:00,2.435,2.4583,2.435,2.4583,0
1971-09-09T00:00:00+00:00,2.4583,2.4583,2.4583,2.4583,0
1971-09-16T00:00:00+00:00,2.4583,2.4583,2.4583,2.4583,0
1971-09-23T00:00:00+00:00,2.4583,2.4583,2.4583,2.4583,0
1971-09-30T00:00:00+00:00,2.4583,2.4583,2.4583,2.4583,0
1971-10-07T00:00:00+00:00,2.4583,2.4895,2.4583,2.4895,0
1971-10-14T00:00:00+00:00,2.4895,2.4895,2.4895,2.4895,0
1971-10-21T00:00:00+00:00,2.4895,2.494,2.4895,2.494,0
1971-10-28T00:00:00+00:00,2.494,2.494,2.493,2.493,0
1971-11-04T00:00:00+00:00,2.493,2.493,2.493,2.493,0
1971-11-11T00:00:00+00:00,2.493,2.493,2.493,2.493,0
1971-11-18T00:00:00+00:00,2.493,2.493,2.493,2.493,0
1971-11-25T00:00:00+00:00,2.4937,2.4937,2.4937,2.4937,0
1971-12-02T00:00:00+00:00,2.4937,2.4937,2.4937,2.4937,0
1971-12-09T00:00:00+00:00,2.4937,2.4937,2.4937,2.4937,0
1971-12-16T00:00:00+00:00,2.4937,2.5537,2.4937,2.5537,0
1971-12-23T00:00:00+00:00,2.5537,2.5537,2.5537,2.5537,0
1971-12-30T00:00:00+00:00,2.5537,2.5537,2.5537,2.5537,0
1972-01-06T00:00:00+00:00,2.5537,2.5537,2.5537,2.5537,0
1972-01-13T00:00:00+00:00,2.5537,2.5537,2.5537,2.5537,0
1972-01-20T00:00:00+00:00,2.5537,2.5537,2.5537,2.5537,0
1972-01-27T00:00:00+00:00,2.5537,2.5537,2.5537,2.5537,0
1972-02-03T00:00:00+00:00,2.5537,2.5537,2.5537,2.5537,0
1972-02-10T00:00:00+00:00,2.5537,2.5537,2.5537,2.5537,0
1972-02-17T00:00:00+00:00,2.5537,2.605,2.5537,2.605,0
1972-02-24T00:00:00+00:00,2.605,2.605,2.605,2.605,0
1972-03-02T00:00:00+00:00,2.605,2.605,2.605,2.605,0
1972-03-09T00:00:00+00:00,2.605,2.605,2.605,2.605,0
1972-03-16T00:00:00+00:00,2.605,2.605,2.605,2.605,0
1972-03-23T00:00:00+00:00,2.605,2.605,2.605,2.605,0
1972-03-30T00:00:00+00:00,2.605,2.605,2.605,2.605,0
1972-04-06T00:00:00+00:00,2.605,2.605,2.605,2.605,0
1972-04-13T00:00:00+00:00,2.605,2.605,2.605,2.605,0
1972-04-20T00:00:00+00:00,2.605,2.605,2.605,2.605,0
1972-04-27T00:00:00+00:00,2.605,2.605,2.605,2.605,0
1972-05-04T00:00:00+00:00,2.605,2.605,2.605,2.605,0
1972-05-11T00:00:00+00:00,2.605,2.605,2.605,2.605,0
1972-05-18T00:00:00+00:00,2.605,2.605,2.605,2.605,0
1972-05-25T00:00:00+00:00,2.605,2.6125,2.605,2.6125,0
1972-06-01T00:00:00+00:00,2.6125,2.6125,2.6125,2.6125,0
1972-06-08T00:00:00+00:00,2.6125,2.6125,2.6125,2.6125,0
1972-06-15T00:00:00+00:00,2.6125,2.6125,2.6125,2.6125,0
1972-06-22T00:00:00+00:00,2.6125,2.6125,2.6125,2.6125,0
1972-06-29T00:00:00+00:00,2.6125,2.6125,2.446,2.446,0
1972-07-06T00:00:00+00:00,2.446,2.446,2.446,2.446,0
1972-07-13T00:00:00+00:00,2.446,2.446,2.446,2.446,0
1972-07-20T00:00:00+00:00,2.446,2.446,2.446,2.446,0
1972-07-27T00:00:00+00:00,2.446,2.446,2.446,2.446,0
1972-08-03T00:00:00+00:00,2.446,2.446,2.446,2.446,0
1972-08-10T00:00:00+00:00,2.446,2.446,2.446,2.446,0
1972-08-17T00:00:00+00:00,2.446,2.446,2.446,2.446,0
1972-08-24T00:00:00+00:00,2.446,2.446,2.446,2.446,0
1972-08-31T00:00:00+00:00,2.446,2.4485,2.446,2.4485,0
1972-09-07T00:00:00+00:00,2.4485,2.4485,2.4485,2.4485,0
1972-09-14T00:00:00+00:00,2.4485,2.4485,2.4485,2.4485,0
1972-09-21T00:00:00+00:00,2.4485,2.4485,2.4485,2.4485,0
1972-09-28T00:00:00+00:00,2.4485,2.4485,2.4485,2.4485,0
1972-10-05T00:00:00+00:00,2.4485,2.4485,2.4191,2.4191,0
1972-10-12T00:00:00+00:00,2.4191,2.4191,2.4191,2.4191,0
1972-10-19T00:00:00+00:00,2.4191,2.4191,2.3755,2.3755,0
1972-10-26T00:00:00+00:00,2.3755,2.3755,2.3755,2.3755,0
1972-11-02T00:00:00+00:00,2.3755,2.3755,2.351,2.351,0
1972-11-09T00:00:00+00:00,2.351,2.351,2.351,2.351,0
1972-11-16T00:00:00+00:00,2.351,2.351,2.351,2.351,0
1972-11-23T00:00:00+00:00,2.3498,2.3498,2.3498,2.3498,0
1972-11-30T00:00:00+00:00,2.3498,2.3498,2.3498,2.3498,0
1972-12-07T00:00:00+00:00,2.3498,2.3498,2.3498,2.3498,0
1972-12-14T00:00:00+00:00,2.3498,2.3498,2.3498,2.3498,0
1972-12-21T00:00:00+00:00,2.3498,2.3498,2.3498,2.3498,0
1972-12-28T00:00:00+00:00,2.3498,2.3498,2.3498,2.3498,0
1973-01-04T00:00:00+00:00,2.3498,2.3498,2.3498,2.3498,0
1973-01-11T00:00:00+00:00,2.3498,2.3498,2.3498,2.3498,0
1973-01-18T00:00:00+00:00,2.3498,2.3498,2.3498,2.3498,0
1973-01-25T00:00:00+00:00,2.3498,2.3498,2.3498,2.3498,0
1973-02-01T00:00:00+00:00,2.3498,2.3498,2.3498,2.3498,0
1973-02-08T00:00:00+00:00,2.3498,2.44,2.3498,2.44,0
1973-02-15T00:00:00+00:00,2.44,2.44,2.4385,2.4385,0
1973-02-22T00:00:00+00:00,2.4385,2.4385,2.4385,2.4385,0
1973-03-01T00:00:00+00:00,2.4385,2.4385,2.4385,2.4385,0
1973-03-08T00:00:00+00:00,2.4385,2.4385,2.4385,2.4385,0
1973-03-15T00:00:00+00:00,2.4385,2.4385,2.4385,2.4385,0
1973-03-22T00:00:00+00:00,2.4385,2.4385,2.4385,2.4385,0
1973-03-29T00:00:00+00:00,2.4385,2.4385,2.4385,2.4385,0
1973-04-05T00:00:00+00:00,2.4385,2.4385,2.4385,2.4385,0
1973-04-12T00:00:00+00:00,2.4385,2.4385,2.4385,2.4385,0
1973-04-19T00:00:00+00:00,2.4385,2.4385,2.4385,2.4385,0
1973-04-26T00:00:00+00:00,2.4385,2.4385,2.4385,2.4385,0
1973-05-03T00:00:00+00:00,2.4385,2.4385,2.4385,2.4385,0
1973-05-10T00:00:00+00:00,2.4385,2.4385,2.4385,2.4385,0
1973-05-17T00:00:00+00:00,2.4385,2.4385,2.4385,2.4385,0
1973-05-24T00:00:00+00:00,2.4385,2.556,2.4385,2.556,0
1973-05-31T00:00:00+00:00,2.556,2.556,2.556,2.556,0
1973-06-07T00:00:00+00:00,2.556,2.556,2.556,2.556,0
1973-06-14T00:00:00+00:00,2.556,2.556,2.556,2.556,0
1973-06-21T00:00:00+00:00,2.556,2.556,2.556,2.556,0
1973-06-28T00:00:00+00:00,2.556,2.556,2.556,2.556,0
1973-07-05T00:00:00+00:00,2.5735,2.5735,2.5735,2.5735,0
1973-07-12T00:00:00+00:00,2.5735,2.5735,2.5735,2.5735,0
1973-07-19T00:00:00+00:00,2.5735,2.5735,2.5735,2.5735,0
1973-07-26T00:00:00+00:00,2.5735,2.5735,2.5735,2.5735,0
1973-08-02T00:00:00+00:00,2.5735,2.5735,2.5735,2.5735,0
1973-08-09T00:00:00+00:00,2.5735,2.5735,2.5735,2.5735,0
1973-08-16T00:00:00+00:00,2.5735,2.5735,2.5735,2.5735,0
1973-08-23T00:00:00+00:00,2.5735,2.5735,2.5735,2.5735,0
1973-08-30T00:00:00+00:00,2.5735,2.5735,2.441,2.441,0
1973-09-06T00:00:00+00:00,2.441,2.441,2.441,2.441,0
1973-09-13T00:00:00+00:00,2.441,2.441,2.441,2.441,0
1973-09-20T00:00:00+00:00,2.441,2.441,2.441,2.441,0
1973-09-27T00:00:00+00:00,2.441,2.441,2.441,2.441,0
1973-10-04T00:00:00+00:00,2.441,2.441,2.4118,2.4118,0
1973-10-11T00:00:00+00:00,2.4118,2.4118,2.4118,2.4118,0
1973-10-18T00:00:00+00:00,2.4118,2.4455,2.4118,2.4455,0
1973-10-25T00:00:00+00:00,2.4455,2.4455,2.4455,2.4455,0
1973-11-01T00:00:00+00:00,2.4455,2.4455,2.4225,2.4225,0
1973-11-08T00:00:00+00:00,2.4225,2.4225,2.4225,2.4225,0
1973-11-15T00:00:00+00:00,2.4225,2.4225,2.4225,2.4225,0
1973-11-22T00:00:00+00:00,2.346,2.346,2.346,2.346,0
1973-11-29T00:00:00+00:00,2.346,2.346,2.346,2.346,0
1973-12-06T00:00:00+00:00,2.346,2.346,2.346,2.346,0
1973-12-13T00:00:00+00:00,2.346,2.346,2.346,2.346,0
1973-12-20T00:00:00+00:00,2.346,2.346,2.346,2.346,0
1973-12-27T00:00:00+00:00,2.346,2.346,2.346,2.346,0
1974-01-03T00:00:00+00:00,2.346,2.346,2.346,2.346,0
1974-01-10T00:00:00+00:00,2.346,2.346,2.346,2.346,0
1974-01-17T00:00:00+00:00,2.346,2.346,2.346,2.346,0
1974-01-24T00:00:00+00:00,2.346,2.346,2.346,2.346,0
1974-01-31T00:00:00+00:00,2.346,2.346,2.346,2.346,0
1974-02-07T00:00:00+00:00,2.346,2.346,2.2665,2.2665,0
1974-02-14T00:00:00+00:00,2.2665,2.282,2.2665,2.282,0
1974-02-21T00:00:00+00:00,2.282,2.282,2.282,2.282,0
1974-02-28T00:00:00+00:00,2.282,2.282,2.282,2.282,0
1974-03-07T00:00:00+00:00,2.282,2.282,2.282,2.282,0
1974-03-14T00:00:00+00:00,2.282,2.282,2.282,2.282,0
1974-03-21T00:00:00+00:00,2.282,2.282,2.282,2.282,0
1974-03-28T00:00:00+00:00,2.282,2.282,2.282,2.282,0
1974-04-04T00:00:00+00:00,2.282,2.282,2.282,2.282,0
1974-04-11T00:00:00+00:00,2.282,2.282,2.282,2.282,0
1974-04-18T00:00:00+00:00,2.282,2.282,2.282,2.282,0
1974-04-25T00:00:00+00:00,2.282,2.282,2.282,2.282,0
1974-05-02T00:00:00+00:00,2.282,2.282,2.282,2.282,0
1974-05-09T00:00:00+00:00,2.282,2.282,2.282,2.282,0
1974-05-16T00:00:00+00:00,2.282,2.282,2.282,2.282,0
1974-05-23T00:00:00+00:00,2.282,2.393,2.282,2.393,0
1974-05-30T00:00:00+00:00,2.393,2.393,2.393,2.393,0
1974-06-06T00:00:00+00:00,2.393,2.393,2.393,2.393,0
1974-06-13T00:00:00+00:00,2.393,2.393,2.393,2.393,0
1974-06-20T00:00:00+00:00,2.393,2.393,2.393,2.393,0
1974-06-27T00:00:00+00:00,2.393,2.393,2.393,2.393,0
1974-07-04T00:00:00+00:00,2.388,2.388,2.388,2.388,0
1974-07-11T00:00:00+00:00,2.388,2.388,2.388,2.388,0
1974-07-18T00:00:00+00:00,2.388,2.388,2.388,2.388,0
1974-07-25T00:00:00+00:00,2.388,2.388,2.388,2.388,0
1974-08-01T00:00:00+00:00,2.388,2.388,2.388,2.388,0
1974-08-08T00:00:00+00:00,2.388,2.388,2.388,2.388,0
1974-08-15T00:00:00+00:00,2.388,2.388,2.388,2.388,0
1974-08-22T00:00:00+00:00,2.388,2.388,2.388,2.388,0
1974-08-29T00:00:00+00:00,2.388,2.388,2.31,2.31,0
1974-09-05T00:00:00+00:00,2.31,2.31,2.31,2.31,0
1974-09-12T00:00:00+00:00,2.31,2.31,2.31,2.31,0
1974-09-19T00:00:00+00:00,2.31,2.31,2.31,2.31,0
1974-09-26T00:00:00+00:00,2.31,2.31,2.31,2.31,0
1974-10-03T00:00:00+00:00,2.31,2.31,2.31,2.31,0
1974-10-10T00:00:00+00:00,2.31,2.331,2.31,2.331,0
1974-10-17T00:00:00+00:00,2.331,2.331,2.331,2.331,0
1974-10-24T00:00:00+00:00,2.331,2.331,2.331,2.331,0
1974-10-31T00:00:00+00:00,2.331,2.3472,2.331,2.3472,0
1974-11-07T00:00:00+00:00,2.3472,2.3472,2.299,2.299,0
1974-11-14T00:00:00+00:00,2.299,2.299,2.299,2.299,0
1974-11-21T00:00:00+00:00,2.299,2.299,2.299,2.299,0
1974-11-28T00:00:00+00:00,2.3255,2.3255,2.3255,2.3255,0
1974-12-05T00:00:00+00:00,2.3255,2.3255,2.3255,2.3255,0
1974-12-12T00:00:00+00:00,2.3255,2.3255,2.3255,2.3255,0
1974-12-19T00:00:00+00:00,2.3255,2.3255,2.3255,2.3255,0
1974-12-26T00:00:00+00:00,2.3255,2.3255,2.3255,2.3255,0
1975-01-02T00:00:00+00:00,2.3255,2.3255,2.3255,2.3255,0
1975-01-09T00:00:00+00:00,2.3255,2.3255,2.3255,2.3255,0
1975-01-16T00:00:00+00:00,2.3255,2.3255,2.3255,2.3255,0
1975-01-23T00:00:00+00:00,2.3255,2.3255,2.3255,2.3255,0
1975-01-30T00:00:00+00:00,2.3255,2.3255,2.3255,2.3255,0
1975-02-06T00:00:00+00:00,2.3255,2.3255,2.3255,2.3255,0
1975-02-13T00:00:00+00:00,2.3895,2.3933,2.3895,2.3933,0
1975-02-20T00:00:00+00:00,2.3933,2.3933,2.3933,2.3933,0
1975-02-27T00:00:00+00:00,2.3933,2.3933,2.3933,2.3933,0
1975-03-06T00:00:00+00:00,2.3933,2.3933,2.3933,2.3933,0
1975-03-13T00:00:00+00:00,2.3933,2.3933,2.3933,2.3933,0
1975-03-20T00:00:00+00:00,2.3933,2.3933,2.3933,2.3933,0
1975-03-27T00:00:00+00:00,2.3933,2.3933,2.3933,2.3933,0
1975-04-03T00:00:00+00:00,2.3933,2.3933,2.3933,2.3933,0
1975-04-10T00:00:00+00:00,2.3933,2.3933,2.3933,2.3933,0
1975-04-17T00:00:00+00:00,2.3933,2.3933,2.3933,2.3933,0
1975-04-24T00:00:00+00:00,2.3933,2.3933,2.3933,2.3933,0
1975-05-01T00:00:00+00:00,2.3933,2.3933,2.3933,2.3933,0
1975-05-08T00:00:00+00:00,2.3933,2.3933,2.3933,2.3933,0
1975-05-15T00:00:00+00:00,2.3933,2.3933,2.3933,2.3933,0
1975-05-22T00:00:00+00:00,2.3933,2.3933,2.3265,2.3265,0
1975-05-29T00:00:00+00:00,2.3265,2.3265,2.3265,2.3265,0
1975-06-05T00:00:00+00:00,2.3265,2.3265,2.3265,2.3265,0
1975-06-12T00:00:00+00:00,2.3265,2.3265,2.3265,2.3265,0
1975-06-19T00:00:00+00:00,2.3265,2.3265,2.3265,2.3265,0
1975-06-26T00:00:00+00:00,2.3265,2.3265,2.3265,2.3265,0
1975-07-03T00:00:00+00:00,2.3265,2.3265,2.186,2.186,0
1975-07-10T00:00:00+00:00,2.186,2.186,2.186,2.186,0
1975-07-17T00:00:00+00:00,2.186,2.186,2.186,2.186,0
1975-07-24T00:00:00+00:00,2.186,2.186,2.186,2.186,0
1975-07-31T00:00:00+00:00,2.186,2.186,2.186,2.186,0
1975-08-07T00:00:00+00:00,2.186,2.186,2.186,2.186,0
1975-08-14T00:00:00+00:00,2.186,2.186,2.186,2.186,0
1975-08-21T00:00:00+00:00,2.186,2.186,2.186,2.186,0
1975-08-28T00:00:00+00:00,2.186,2.186,2.109,2.109,0
1975-09-04T00:00:00+00:00,2.109,2.109,2.109,2.109,0
1975-09-11T00:00:00+00:00,2.109,2.109,2.109,2.109,0
1975-09-18T00:00:00+00:00,2.109,2.109,2.109,2.109,0
1975-09-25T00:00:00+00:00,2.109,2.109,2.109,2.109,0
1975-10-02T00:00:00+00:00,2.109,2.109,2.109,2.109,0
1975-10-09T00:00:00+00:00,2.109,2.109,2.0475,2.0475,0
1975-10-16T00:00:00+00:00,2.0475,2.0475,2.0475,2.0475,0
1975-10-23T00:00:00+00:00,2.0475,2.0475,2.0475,2.0475,0
1975-10-30T00:00:00+00:00,2.0475,2.0645,2.0475,2.0645,0
1975-11-06T00:00:00+00:00,2.0645,2.0645,2.0635,2.0635,0
1975-11-13T00:00:00+00:00,2.0635,2.0635,2.0635,2.0635,0
1975-11-20T00:00:00+00:00,2.0635,2.0635,2.0635,2.0635,0
1975-11-27T00:00:00+00:00,2.02,2.02,2.02,2.02,0
1975-12-04T00:00:00+00:00,2.02,2.02,2.02,2.02,0
1975-12-11T00:00:00+00:00,2.02,2.02,2.02,2.02,0
1975-12-18T00:00:00+00:00,2.02,2.02,2.02,2.02,0
1975-12-25T00:00:00+00:00,2.02,2.02,2.02,2.02,0
1976-01-01T00:00:00+00:00,2.02,2.02,2.02,2.02,0
1976-01-08T00:00:00+00:00,2.02,2.02,2.02,2.02,0
1976-01-15T00:00:00+00:00,2.02,2.02,2.02,2.02,0
1976-01-22T00:00:00+00:00,2.02,2.02,2.02,2.02,0
1976-01-29T00:00:00+00:00,2.02,2.02,2.02,2.02,0
1976-02-05T00:00:00+00:00,2.02,2.02,2.02,2.02,0
1976-02-12T00:00:00+00:00,2.0245,2.0245,2.0224,2.0224,0
1976-02-19T00:00:00+00:00,2.0224,2.0224,2.0224,2.0224,0
1976-02-26T00:00:00+00:00,2.0224,2.0224,2.0224,2.0224,0
1976-03-04T00:00:00+00:00,2.0224,2.0224,2.0224,2.0224,0
1976-03-11T00:00:00+00:00,2.0224,2.0224,2.0224,2.0224,0
1976-03-18T00:00:00+00:00,2.0224,2.0224,2.0224,2.0224,0
1976-03-25T00:00:00+00:00,2.0224,2.0224,2.0224,2.0224,0
1976-04-01T00:00:00+00:00,2.0224,2.0224,2.0224,2.0224,0
1976-04-08T00:00:00+00:00,2.0224,2.0224,2.0224,2.0224,0
1976-04-15T00:00:00+00:00,2.0224,2.0224,2.0224,2.0224,0
1976-04-22T00:00:00+00:00,2.0224,2.0224,2.0224,2.0224,0
1976-04-29T00:00:00+00:00,2.0224,2.0224,2.0224,2.0224,0
1976-05-06T00:00:00+00:00,2.0224,2.0224,2.0224,2.0224,0
1976-05-13T00:00:00+00:00,2.0224,2.0224,2.0224,2.0224,0
1976-05-20T00:00:00+00:00,2.0224,2.0224,2.0224,2.0224,0
1976-05-27T00:00:00+00:00,2.0224,2.0224,1.754,1.754,0
1976-06-03T00:00:00+00:00,1.754,1.754,1.754,1.754,0
1976-06-10T00:00:00+00:00,1.754,1.754,1.754,1.754,0
1976-06-17T00:00:00+00:00,1.754,1.754,1.754,1.754,0
1976-06-24T00:00:00+00:00,1.754,1.754,1.754,1.754,0
1976-07-01T00:00:00+00:00,1.754,1.8023,1.754,1.8023,0
1976-07-08T00:00:00+00:00,1.8023,1.8023,1.8023,1.8023,0
1976-07-15T00:00:00+00:00,1.8023,1.8023,1.8023,1.8023,0
1976-07-22T00:00:00+00:00,1.8023,1.8023,1.8023,1.8023,0
1976-07-29T00:00:00+00:00,1.8023,1.8023,1.8023,1.8023,0
1976-08-05T00:00:00+00:00,1.8023,1.8023,1.8023,1.8023,0
1976-08-12T00:00:00+00:00,1.8023,1.8023,1.8023,1.8023,0
1976-08-19T00:00:00+00:00,1.8023,1.8023,1.8023,1.8023,0
1976-08-26T00:00:00+00:00,1.8023,1.8023,1.8023,1.8023,0
1976-09-02T00:00:00+00:00,1.8023,1.8023,1.7712,1.7712,0
1976-09-09T00:00:00+00:00,1.7712,1.7712,1.7712,1.7712,0
1976-09-16T00:00:00+00:00,1.7712,1.7712,1.7712,1.7712,0
1976-09-23T00:00:00+00:00,1.7712,1.7712,1.7712,1.7712,0
1976-09-30T00:00:00+00:00,1.7712,1.7712,1.7712,1.7712,0
1976-10-07T00:00:00+00:00,1.7712,1.7712,1.6535,1.6535,0
1976-10-14T00:00:00+00:00,1.6535,1.6535,1.6535,1.6535,0
1976-10-21T00:00:00+00:00,1.6535,1.6535,1.6535,1.6535,0
1976-10-28T00:00:00+00:00,1.6535,1.6535,1.6075,1.6075,0
1976-11-04T00:00:00+00:00,1.6075,1.6075,1.6075,1.6075,0
1976-11-11T00:00:00+00:00,1.628,1.628,1.628,1.628,0
1976-11-18T00:00:00+00:00,1.628,1.628,1.628,1.628,0
1976-11-25T00:00:00+00:00,1.646,1.646,1.646,1.646,0
1976-12-02T00:00:00+00:00,1.646,1.646,1.646,1.646,0
1976-12-09T00:00:00+00:00,1.646,1.646,1.646,1.646,0
1976-12-16T00:00:00+00:00,1.646,1.646,1.646,1.646,0
1976-12-23T00:00:00+00:00,1.646,1.646,1.646,1.646,0
1976-12-30T00:00:00+00:00,1.646,1.646,1.646,1.646,0
1977-01-06T00:00:00+00:00,1.646,1.646,1.646,1.646,0
1977-01-13T00:00:00+00:00,1.646,1.646,1.646,1.646,0
1977-01-20T00:00:00+00:00,1.646,1.646,1.646,1.646,0
1977-01-27T00:00:00+00:00,1.646,1.646,1.646,1.646,0
1977-02-03T00:00:00+00:00,1.646,1.646,1.646,1.646,0
1977-02-10T00:00:00+00:00,1.646,1.646,1.646,1.646,0
1977-02-17T00:00:00+00:00,1.646,1.7072,1.646,1.7072,0
1977-02-24T00:00:00+00:00,1.7072,1.7072,1.7072,1.7072,0
1977-03-03T00:00:00+00:00,1.7072,1.7072,1.7072,1.7072,0
1977-03-10T00:00:00+00:00,1.7072,1.7072,1.7072,1.7072,0
1977-03-17T00:00:00+00:00,1.7072,1.7072,1.7072,1.7072,0
1977-03-24T00:00:00+00:00,1.7072,1.7072,1.7072,1.7072,0
1977-03-31T00:00:00+00:00,1.7072,1.7072,1.7072,1.7072,0
1977-04-07T00:00:00+00:00,1.7072,1.7072,1.7072,1.7072,0
1977-04-14T00:00:00+00:00,1.7072,1.7072,1.7072,1.7072,0
1977-04-21T00:00:00+00:00,1.7072,1.7072,1.7072,1.7072,0
1977-04-28T00:00:00+00:00,1.7072,1.7072,1.7072,1.7072,0
1977-05-05T00:00:00+00:00,1.7072,1.7072,1.7072,1.7072,0
1977-05-12T00:00:00+00:00,1.7072,1.7072,1.7072,1.7072,0
1977-05-19T00:00:00+00:00,1.7072,1.7072,1.7072,1.7072,0
1977-05-26T00:00:00+00:00,1.7072,1.7191,1.7072,1.7191,0
1977-06-02T00:00:00+00:00,1.7191,1.7191,1.7191,1.7191,0
1977-06-09T00:00:00+00:00,1.7191,1.7191,1.7191,1.7191,0
1977-06-16T00:00:00+00:00,1.7191,1.7191,1.7191,1.7191,0
1977-06-23T00:00:00+00:00,1.7191,1.7191,1.7191,1.7191,0
1977-06-30T00:00:00+00:00,1.7191,1.7202,1.7191,1.7202,0
1977-07-07T00:00:00+00:00,1.7202,1.7202,1.7202,1.7202,0
1977-07-14T00:00:00+00:00,1.7195,1.7195,1.7195,1.7195,0
1977-07-21T00:00:00+00:00,1.7195,1.7195,1.7195,1.7195,0
1977-07-28T00:00:00+00:00,1.7195,1.7195,1.7195,1.7195,0
1977-08-04T00:00:00+00:00,1.7195,1.7195,1.7195,1.7195,0
1977-08-11T00:00:00+00:00,1.7195,1.7195,1.7195,1.7195,0
1977-08-18T00:00:00+00:00,1.7195,1.7195,1.7195,1.7195,0
1977-08-25T00:00:00+00:00,1.7195,1.7195,1.7195,1.7195,0
1977-09-01T00:00:00+00:00,1.7195,1.7411,1.7195,1.7411,0
1977-09-08T00:00:00+00:00,1.7411,1.7411,1.7411,1.7411,0
1977-09-15T00:00:00+00:00,1.7411,1.7411,1.7411,1.7411,0
1977-09-22T00:00:00+00:00,1.7411,1.7411,1.7411,1.7411,0
1977-09-29T00:00:00+00:00,1.7411,1.7411,1.7411,1.7411,0
1977-10-06T00:00:00+00:00,1.7411,1.7591,1.7411,1.7591,0
1977-10-13T00:00:00+00:00,1.7591,1.7591,1.7591,1.7591,0
1977-10-20T00:00:00+00:00,1.7591,1.7591,1.7591,1.7591,0
1977-10-27T00:00:00+00:00,1.7591,1.7591,1.7591,1.7591,0
1977-11-03T00:00:00+00:00,1.7591,1.809,1.7591,1.809,0
1977-11-10T00:00:00+00:00,1.809,1.8158,1.809,1.8158,0
1977-11-17T00:00:00+00:00,1.8158,1.8158,1.8158,1.8158,0
1977-11-24T00:00:00+00:00,1.8185,1.8185,1.8185,1.8185,0
1977-12-01T00:00:00+00:00,1.8185,1.8185,1.8185,1.8185,0
1977-12-08T00:00:00+00:00,1.8185,1.8185,1.8185,1.8185,0
1977-12-15T00:00:00+00:00,1.8185,1.8185,1.8185,1.8185,0
1977-12-22T00:00:00+00:00,1.8185,1.878,1.8185,1.878,0
1977-12-29T00:00:00+00:00,1.878,1.961,1.878,1.961,0
1978-01-05T00:00:00+00:00,1.961,1.961,1.961,1.961,0
1978-01-12T00:00:00+00:00,1.961,1.961,1.961,1.961,0
1978-01-19T00:00:00+00:00,1.961,1.961,1.961,1.961,0
1978-01-26T00:00:00+00:00,1.961,1.961,1.961,1.961,0
1978-02-02T00:00:00+00:00,1.961,1.961,1.961,1.961,0
1978-02-09T00:00:00+00:00,1.961,1.961,1.9358,1.9358,0
1978-02-16T00:00:00+00:00,1.9358,1.9448,1.9358,1.9448,0
1978-02-23T00:00:00+00:00,1.9448,1.9448,1.9448,1.9448,0
1978-03-02T00:00:00+00:00,1.9448,1.9448,1.9448,1.9448,0
1978-03-09T00:00:00+00:00,1.9448,1.9448,1.9448,1.9448,0
1978-03-16T00:00:00+00:00,1.9448,1.9448,1.9448,1.9448,0
1978-03-23T00:00:00+00:00,1.9448,1.9448,1.9448,1.9448,0
1978-03-30T00:00:00+00:00,1.9448,1.9448,1.9448,1.9448,0
1978-04-06T00:00:00+00:00,1.9448,1.9448,1.9448,1.9448,0
1978-04-13T00:00:00+00:00,1.9448,1.9448,1.9448,1.9448,0
1978-04-20T00:00:00+00:00,1.9448,1.9448,1.9448,1.9448,0
1978-04-27T00:00:00+00:00,1.9448,1.9448,1.9448,1.9448,0
1978-05-04T00:00:00+00:00,1.9448,1.9448,1.9448,1.9448,0
1978-05-11T00:00:00+00:00,1.9448,1.9448,1.9448,1.9448,0
1978-05-18T00:00:00+00:00,1.9448,1.9448,1.9448,1.9448,0
1978-05-25T00:00:00+00:00,1.9448,1.9448,1.8335,1.8335,0
1978-06-01T00:00:00+00:00,1.8335,1.8335,1.8335,1.8335,0
1978-06-08T00:00:00+00:00,1.8335,1.8335,1.8335,1.8335,0
1978-06-15T00:00:00+00:00,1.8335,1.8335,1.8335,1.8335,0
1978-06-22T00:00:00+00:00,1.8335,1.8335,1.8335,1.8335,0
1978-06-29T00:00:00+00:00,1.8335,1.8693,1.8335,1.8693,0
1978-07-06T00:00:00+00:00,1.8693,1.8693,1.8693,1.8693,0
1978-07-13T00:00:00+00:00,1.8693,1.8693,1.8693,1.8693,0
1978-07-20T00:00:00+00:00,1.8693,1.8693,1.8693,1.8693,0
1978-07-27T00:00:00+00:00,1.8693,1.8693,1.8693,1.8693,0
1978-08-03T00:00:00+00:00,1.8693,1.8693,1.8693,1.8693,0
1978-08-10T00:00:00+00:00,1.8693,1.8693,1.8693,1.8693,0
1978-08-17T00:00:00+00:00,1.8693,1.8693,1.8693,1.8693,0
1978-08-24T00:00:00+00:00,1.8693,1.8693,1.8693,1.8693,0
1978-08-31T00:00:00+00:00,1.8693,1.943,1.8693,1.943,0
1978-09-07T00:00:00+00:00,1.943,1.943,1.943,1.943,0
1978-09-14T00:00:00+00:00,1.943,1.943,1.943,1.943,0
1978-09-21T00:00:00+00:00,1.943,1.943,1.943,1.943,0
1978-09-28T00:00:00+00:00,1.943,1.943,1.943,1.943,0
1978-10-05T00:00:00+00:00,1.943,1.9835,1.943,1.9835,0
1978-10-12T00:00:00+00:00,1.9835,1.9835,1.9835,1.9835,0
1978-10-19T00:00:00+00:00,1.9835,1.9835,1.9835,1.9835,0
1978-10-26T00:00:00+00:00,1.9835,1.9835,1.9835,1.9835,0
1978-11-02T00:00:00+00:00,1.9835,1.9835,1.975,1.975,0
1978-11-09T00:00:00+00:00,1.975,1.975,1.975,1.975,0
1978-11-16T00:00:00+00:00,1.975,1.975,1.975,1.975,0
1978-11-23T00:00:00+00:00,1.9395,1.9395,1.9395,1.9395,0
1978-11-30T00:00:00+00:00,1.9395,1.9395,1.9395,1.9395,0
1978-12-07T00:00:00+00:00,1.9395,1.9395,1.9395,1.9395,0
1978-12-14T00:00:00+00:00,1.9395,1.9395,1.9395,1.9395,0
1978-12-21T00:00:00+00:00,1.9395,1.9395,1.9395,1.9395,0
1978-12-28T00:00:00+00:00,1.9395,1.9395,1.9395,1.9395,0
1979-01-04T00:00:00+00:00,1.9395,1.9395,1.9395,1.9395,0
1979-01-11T00:00:00+00:00,1.9395,1.9395,1.9395,1.9395,0
1979-01-18T00:00:00+00:00,1.9395,1.9395,1.9395,1.9395,0
1979-01-25T00:00:00+00:00,1.9395,1.9395,1.9395,1.9395,0
1979-02-01T00:00:00+00:00,1.9395,1.9395,1.9395,1.9395,0
1979-02-08T00:00:00+00:00,1.9395,2.0035,1.9395,2.0035,0
1979-02-15T00:00:00+00:00,2.0035,2.004,2.0035,2.004,0
1979-02-22T00:00:00+00:00,2.004,2.004,2.004,2.004,0
1979-03-01T00:00:00+00:00,2.004,2.004,2.004,2.004,0
1979-03-08T00:00:00+00:00,2.004,2.004,2.004,2.004,0
1979-03-15T00:00:00+00:00,2.004,2.004,2.004,2.004,0
1979-03-22T00:00:00+00:00,2.004,2.004,2.004,2.004,0
1979-03-29T00:00:00+00:00,2.004,2.004,2.004,2.004,0
1979-04-05T00:00:00+00:00,2.004,2.004,2.004,2.004,0
1979-04-12T00:00:00+00:00,2.004,2.004,2.004,2.004,0
1979-04-19T00:00:00+00:00,2.004,2.004,2.004,2.004,0
1979-04-26T00:00:00+00:00,2.004,2.004,2.004,2.004,0
1979-05-03T00:00:00+00:00,2.004,2.004,2.004,2.004,0
1979-05-10T00:00:00+00:00,2.004,2.004,2.004,2.004,0
1979-05-17T00:00:00+00:00,2.004,2.004,2.004,2.004,0
1979-05-24T00:00:00+00:00,2.004,2.004,2.004,2.004,0
1979-05-31T00:00:00+00:00,2.07,2.07,2.07,2.07,0
1979-06-07T00:00:00+00:00,2.07,2.07,2.07,2.07,0
1979-06-14T00:00:00+00:00,2.07,2.07,2.07,2.07,0
1979-06-21T00:00:00+00:00,2.07,2.07,2.07,2.07,0
1979-06-28T00:00:00+00:00,2.07,2.07,2.07,2.07,0
1979-07-05T00:00:00+00:00,2.229,2.229,2.229,2.229,0
1979-07-12T00:00:00+00:00,2.229,2.229,2.229,2.229,0
1979-07-19T00:00:00+00:00,2.229,2.229,2.229,2.229,0
1979-07-26T00:00:00+00:00,2.229,2.229,2.229,2.229,0
1979-08-02T00:00:00+00:00,2.229,2.229,2.229,2.229,0
1979-08-09T00:00:00+00:00,2.229,2.229,2.229,2.229,0
1979-08-16T00:00:00+00:00,2.229,2.229,2.229,2.229,0
1979-08-23T00:00:00+00:00,2.229,2.229,2.229,2.229,0
1979-08-30T00:00:00+00:00,2.229,2.2391,2.229,2.2391,0
1979-09-06T00:00:00+00:00,2.2391,2.2391,2.2391,2.2391,0
1979-09-13T00:00:00+00:00,2.2391,2.2391,2.2391,2.2391,0
1979-09-20T00:00:00+00:00,2.2391,2.2391,2.2391,2.2391,0
1979-09-27T00:00:00+00:00,2.2391,2.2391,2.2391,2.2391,0
1979-10-04T00:00:00+00:00,2.2391,2.2391,2.1545,2.1545,0
1979-10-11T00:00:00+00:00,2.1545,2.1545,2.1545,2.1545,0
1979-10-18T00:00:00+00:00,2.1545,2.1545,2.1545,2.1545,0
1979-10-25T00:00:00+00:00,2.1545,2.1545,2.1545,2.1545,0
1979-11-01T00:00:00+00:00,2.1545,2.1545,2.1055,2.1055,0
1979-11-08T00:00:00+00:00,2.1055,2.109,2.1055,2.109,0
1979-11-15T00:00:00+00:00,2.109,2.109,2.109,2.109,0
1979-11-22T00:00:00+00:00,2.161,2.161,2.161,2.161,0
1979-11-29T00:00:00+00:00,2.161,2.161,2.161,2.161,0
1979-12-06T00:00:00+00:00,2.161,2.161,2.161,2.161,0
1979-12-13T00:00:00+00:00,2.161,2.161,2.161,2.161,0
1979-12-20T00:00:00+00:00,2.161,2.161,2.161,2.161,0
1979-12-27T00:00:00+00:00,2.161,2.161,2.161,2.161,0
1980-01-03T00:00:00+00:00,2.161,2.161,2.161,2.161,0
1980-01-10T00:00:00+00:00,2.161,2.161,2.161,2.161,0
1980-01-17T00:00:00+00:00,2.161,2.161,2.161,2.161,0
1980-01-24T00:00:00+00:00,2.161,2.161,2.161,2.161,0
1980-01-31T00:00:00+00:00,2.161,2.161,2.161,2.161,0
1980-02-07T00:00:00+00:00,2.161,2.308,2.161,2.308,0
1980-02-14T00:00:00+00:00,2.308,2.308,2.272,2.272,0
1980-02-21T00:00:00+00:00,2.272,2.272,2.272,2.272,0
1980-02-28T00:00:00+00:00,2.272,2.272,2.272,2.272,0
1980-03-06T00:00:00+00:00,2.272,2.272,2.272,2.272,0
1980-03-13T00:00:00+00:00,2.272,2.272,2.272,2.272,0
1980-03-20T00:00:00+00:00,2.272,2.272,2.272,2.272,0
1980-03-27T00:00:00+00:00,2.272,2.272,2.272,2.272,0
1980-04-03T00:00:00+00:00,2.272,2.272,2.272,2.272,0
1980-04-10T00:00:00+00:00,2.272,2.272,2.272,2.272,0
1980-04-17T00:00:00+00:00,2.272,2.272,2.272,2.272,0
1980-04-24T00:00:00+00:00,2.272,2.272,2.272,2.272,0
1980-05-01T00:00:00+00:00,2.272,2.272,2.272,2.272,0
1980-05-08T00:00:00+00:00,2.272,2.272,2.272,2.272,0
1980-05-15T00:00:00+00:00,2.272,2.272,2.272,2.272,0
1980-05-22T00:00:00+00:00,2.272,2.37,2.272,2.37,0
1980-05-29T00:00:00+00:00,2.37,2.37,2.37,2.37,0
1980-06-05T00:00:00+00:00,2.37,2.37,2.37,2.37,0
1980-06-12T00:00:00+00:00,2.37,2.37,2.37,2.37,0
1980-06-19T00:00:00+00:00,2.37,2.37,2.37,2.37,0
1980-06-26T00:00:00+00:00,2.37,2.37,2.37,2.37,0
1980-07-03T00:00:00+00:00,2.37,2.3825,2.37,2.3825,0
1980-07-10T00:00:00+00:00,2.3825,2.3825,2.3825,2.3825,0
1980-07-17T00:00:00+00:00,2.3825,2.3825,2.3825,2.3825,0
1980-07-24T00:00:00+00:00,2.3825,2.3825,2.3825,2.3825,0
1980-07-31T00:00:00+00:00,2.3825,2.3825,2.3825,2.3825,0
1980-08-07T00:00:00+00:00,2.3825,2.3825,2.3825,2.3825,0
1980-08-14T00:00:00+00:00,2.3825,2.3825,2.3825,2.3825,0
1980-08-21T00:00:00+00:00,2.3825,2.3825,2.3825,2.3825,0
1980-08-28T00:00:00+00:00,2.3825,2.418,2.3825,2.418,0
1980-09-04T00:00:00+00:00,2.418,2.418,2.418,2.418,0
1980-09-11T00:00:00+00:00,2.418,2.418,2.418,2.418,0
1980-09-18T00:00:00+00:00,2.418,2.418,2.418,2.418,0
1980-09-25T00:00:00+00:00,2.418,2.418,2.418,2.418,0
1980-10-02T00:00:00+00:00,2.418,2.418,2.418,2.418,0
1980-10-09T00:00:00+00:00,2.418,2.418,2.4078,2.4078,0
1980-10-16T00:00:00+00:00,2.4078,2.4078,2.4078,2.4078,0
1980-10-23T00:00:00+00:00,2.4078,2.4078,2.4078,2.4078,0
1980-10-30T00:00:00+00:00,2.4078,2.446,2.4078,2.446,0
1980-11-06T00:00:00+00:00,2.446,2.446,2.413,2.413,0
1980-11-13T00:00:00+00:00,2.413,2.413,2.413,2.413,0
1980-11-20T00:00:00+00:00,2.413,2.413,2.413,2.413,0
1980-11-27T00:00:00+00:00,2.3575,2.3575,2.3575,2.3575,0
1980-12-04T00:00:00+00:00,2.3575,2.3575,2.3575,2.3575,0
1980-12-11T00:00:00+00:00,2.3575,2.3575,2.3575,2.3575,0
1980-12-18T00:00:00+00:00,2.3575,2.3575,2.3575,2.3575,0
1980-12-25T00:00:00+00:00,2.3575,2.3575,2.3575,2.3575,0
1981-01-01T00:00:00+00:00,2.3575,2.3575,2.3575,2.3575,0
1981-01-08T00:00:00+00:00,2.3575,2.3575,2.3575,2.3575,0
1981-01-15T00:00:00+00:00,2.3575,2.3575,2.3575,2.3575,0
1981-01-22T00:00:00+00:00,2.3575,2.3575,2.3575,2.3575,0
1981-01-29T00:00:00+00:00,2.3575,2.3575,2.3575,2.3575,0
1981-02-05T00:00:00+00:00,2.3575,2.3575,2.3575,2.3575,0
1981-02-12T00:00:00+00:00,2.2845,2.2845,2.263,2.263,0
1981-02-19T00:00:00+00:00,2.263,2.263,2.263,2.263,0
1981-02-26T00:00:00+00:00,2.263,2.263,2.263,2.263,0
1981-03-05T00:00:00+00:00,2.263,2.263,2.263,2.263,0
1981-03-12T00:00:00+00:00,2.263,2.263,2.263,2.263,0
1981-03-19T00:00:00+00:00,2.263,2.263,2.263,2.263,0
1981-03-26T00:00:00+00:00,2.263,2.263,2.263,2.263,0
1981-04-02T00:00:00+00:00,2.263,2.263,2.263,2.263,0
1981-04-09T00:00:00+00:00,2.263,2.263,2.263,2.263,0
1981-04-16T00:00:00+00:00,2.263,2.263,2.263,2.263,0
1981-04-23T00:00:00+00:00,2.263,2.263,2.263,2.263,0
1981-04-30T00:00:00+00:00,2.263,2.263,2.263,2.263,0
1981-05-07T00:00:00+00:00,2.263,2.263,2.263,2.263,0
1981-05-14T00:00:00+00:00,2.263,2.263,2.263,2.263,0
1981-05-21T00:00:00+00:00,2.263,2.263,2.066,2.066,0
1981-05-28T00:00:00+00:00,2.066,2.066,2.066,2.066,0
1981-06-04T00:00:00+00:00,2.066,2.066,2.066,2.066,0
1981-06-11T00:00:00+00:00,2.066,2.066,2.066,2.066,0
1981-06-18T00:00:00+00:00,2.066,2.066,2.066,2.066,0
1981-06-25T00:00:00+00:00,2.066,2.066,2.066,2.066,0
1981-07-02T00:00:00+00:00,2.066,2.066,2.066,2.066,0
1981-07-09T00:00:00+00:00,2.066,2.066,2.066,2.066,0
1981-07-16T00:00:00+00:00,2.066,2.066,2.066,2.066,0
1981-07-23T00:00:00+00:00,2.066,2.066,2.066,2.066,0
1981-07-30T00:00:00+00:00,2.066,2.066,2.066,2.066,0
1981-08-06T00:00:00+00:00,2.066,2.066,2.066,2.066,0
1981-08-13T00:00:00+00:00,2.066,2.066,2.066,2.066,0
1981-08-20T00:00:00+00:00,2.066,2.066,2.066,2.066,0
1981-08-27T00:00:00+00:00,2.066,2.066,2.066,2.066,0
1981-09-03T00:00:00+00:00,2.066,2.066,1.7935,1.7935,0
1981-09-10T00:00:00+00:00,1.7935,1.7935,1.7935,1.7935,0
1981-09-17T00:00:00+00:00,1.7935,1.7935,1.7935,1.7935,0
1981-09-24T00:00:00+00:00,1.7935,1.7935,1.7935,1.7935,0
1981-10-01T00:00:00+00:00,1.7935,1.7935,1.7935,1.7935,0
1981-10-08T00:00:00+00:00,1.7935,1.855,1.7935,1.855,0
1981-10-15T00:00:00+00:00,1.855,1.855,1.855,1.855,0
1981-10-22T00:00:00+00:00,1.855,1.855,1.855,1.855,0
1981-10-29T00:00:00+00:00,1.855,1.878,1.855,1.878,0
1981-11-05T00:00:00+00:00,1.878,1.878,1.878,1.878,0
1981-11-12T00:00:00+00:00,1.8945,1.8945,1.8945,1.8945,0
1981-11-19T00:00:00+00:00,1.8945,1.8945,1.8945,1.8945,0
1981-11-26T00:00:00+00:00,1.956,1.956,1.956,1.956,0
1981-12-03T00:00:00+00:00,1.956,1.956,1.956,1.956,0
1981-12-10T00:00:00+00:00,1.956,1.956,1.956,1.956,0
1981-12-17T00:00:00+00:00,1.956,1.956,1.956,1.956,0
1981-12-24T00:00:00+00:00,1.956,1.956,1.956,1.956,0
1981-12-31T00:00:00+00:00,1.956,1.956,1.956,1.956,0
1982-01-07T00:00:00+00:00,1.956,1.956,1.956,1.956,0
1982-01-14T00:00:00+00:00,1.956,1.956,1.956,1.956,0
1982-01-21T00:00:00+00:00,1.956,1.956,1.956,1.956,0
1982-01-28T00:00:00+00:00,1.956,1.956,1.956,1.956,0
1982-02-04T00:00:00+00:00,1.956,1.956,1.956,1.956,0
1982-02-11T00:00:00+00:00,1.956,1.956,1.8322,1.8322,0
1982-02-18T00:00:00+00:00,1.8322,1.8322,1.8322,1.8322,0
1982-02-25T00:00:00+00:00,1.8322,1.8322,1.8322,1.8322,0
1982-03-04T00:00:00+00:00,1.8322,1.8322,1.8322,1.8322,0
1982-03-11T00:00:00+00:00,1.8322,1.8322,1.8322,1.8322,0
1982-03-18T00:00:00+00:00,1.8322,1.8322,1.8322,1.8322,0
1982-03-25T00:00:00+00:00,1.8322,1.8322,1.8322,1.8322,0
1982-04-01T00:00:00+00:00,1.8322,1.8322,1.8322,1.8322,0
1982-04-08T00:00:00+00:00,1.8322,1.8322,1.8322,1.8322,0
1982-04-15T00:00:00+00:00,1.8322,1.8322,1.8322,1.8322,0
1982-04-22T00:00:00+00:00,1.8322,1.8322,1.8322,1.8322,0
1982-04-29T00:00:00+00:00,1.8322,1.8322,1.8322,1.8322,0
1982-05-06T00:00:00+00:00,1.8322,1.8322,1.8322,1.8322,0
1982-05-13T00:00:00+00:00,1.8322,1.8322,1.8322,1.8322,0
1982-05-20T00:00:00+00:00,1.8322,1.8322,1.8322,1.8322,0
1982-05-27T00:00:00+00:00,1.8322,1.8322,1.7875,1.7875,0
1982-06-03T00:00:00+00:00,1.7875,1.7875,1.7875,1.7875,0
1982-06-10T00:00:00+00:00,1.7875,1.7875,1.7875,1.7875,0
1982-06-17T00:00:00+00:00,1.7875,1.7875,1.7875,1.7875,0
1982-06-24T00:00:00+00:00,1.7875,1.7875,1.7875,1.7875,0
1982-07-01T00:00:00+00:00,1.7875,1.7875,1.7238,1.7238,0
1982-07-08T00:00:00+00:00,1.7238,1.7238,1.7238,1.7238,0
1982-07-15T00:00:00+00:00,1.7238,1.7238,1.7238,1.7238,0
1982-07-22T00:00:00+00:00,1.7238,1.7238,1.7238,1.7238,0
1982-07-29T00:00:00+00:00,1.7238,1.7238,1.7238,1.7238,0
1982-08-05T00:00:00+00:00,1.7238,1.7238,1.7238,1.7238,0
1982-08-12T00:00:00+00:00,1.7238,1.7238,1.7238,1.7238,0
1982-08-19T00:00:00+00:00,1.7238,1.7238,1.7238,1.7238,0
1982-08-26T00:00:00+00:00,1.7238,1.7238,1.7238,1.7238,0
1982-09-02T00:00:00+00:00,1.7238,1.7278,1.7238,1.7278,0
1982-09-09T00:00:00+00:00,1.7278,1.7278,1.7278,1.7278,0
1982-09-16T00:00:00+00:00,1.7278,1.7278,1.7278,1.7278,0
1982-09-23T00:00:00+00:00,1.7278,1.7278,1.7278,1.7278,0
1982-09-30T00:00:00+00:00,1.7278,1.7278,1.7278,1.7278,0
1982-10-07T00:00:00+00:00,1.7278,1.7278,1.724,1.724,0
1982-10-14T00:00:00+00:00,1.724,1.724,1.724,1.724,0
1982-10-21T00:00:00+00:00,1.724,1.724,1.724,1.724,0
1982-10-28T00:00:00+00:00,1.724,1.724,1.6795,1.6795,0
1982-11-04T00:00:00+00:00,1.6795,1.6795,1.6795,1.6795,0
1982-11-11T00:00:00+00:00,1.6518,1.6518,1.6518,1.6518,0
1982-11-18T00:00:00+00:00,1.6518,1.6518,1.6518,1.6518,0
1982-11-25T00:00:00+00:00,1.5925,1.5925,1.5925,1.5925,0
1982-12-02T00:00:00+00:00,1.5925,1.5925,1.5925,1.5925,0
1982-12-09T00:00:00+00:00,1.5925,1.5925,1.5925,1.5925,0
1982-12-16T00:00:00+00:00,1.5925,1.5925,1.5925,1.5925,0
1982-12-23T00:00:00+00:00,1.5925,1.5925,1.5925,1.5925,0
1982-12-30T00:00:00+00:00,1.5925,1.5925,1.5925,1.5925,0
1983-01-06T00:00:00+00:00,1.5925,1.5925,1.5925,1.5925,0
1983-01-13T00:00:00+00:00,1.5925,1.5925,1.5925,1.5925,0
1983-01-20T00:00:00+00:00,1.5925,1.5925,1.5925,1.5925,0
1983-01-27T00:00:00+00:00,1.5925,1.5925,1.5925,1.5925,0
1983-02-03T00:00:00+00:00,1.5925,1.5925,1.5925,1.5925,0
1983-02-10T00:00:00+00:00,1.5925,1.5925,1.5925,1.5925,0
1983-02-17T00:00:00+00:00,1.5925,1.5925,1.5215,1.5215,0
1983-02-24T00:00:00+00:00,1.5215,1.5215,1.5215,1.5215,0
1983-03-03T00:00:00+00:00,1.5215,1.5215,1.5215,1.5215,0
1983-03-10T00:00:00+00:00,1.5215,1.5215,1.5215,1.5215,0
1983-03-17T00:00:00+00:00,1.5215,1.5215,1.5215,1.5215,0
1983-03-24T00:00:00+00:00,1.5215,1.5215,1.5215,1.5215,0
1983-03-31T00:00:00+00:00,1.5215,1.5215,1.4885,1.4885,0
1983-04-07T00:00:00+00:00,1.4885,1.4885,1.4885,1.4885,0
1983-04-14T00:00:00+00:00,1.4885,1.4885,1.4885,1.4885,0
1983-04-21T00:00:00+00:00,1.4885,1.4885,1.4885,1.4885,0
1983-04-28T00:00:00+00:00,1.4885,1.4885,1.4885,1.4885,0
1983-05-05T00:00:00+00:00,1.4885,1.4885,1.4885,1.4885,0
1983-05-12T00:00:00+00:00,1.4885,1.4885,1.4885,1.4885,0
1983-05-19T00:00:00+00:00,1.4885,1.4885,1.4885,1.4885,0
1983-05-26T00:00:00+00:00,1.4885,1.6005,1.4885,1.6005,0
1983-06-02T00:00:00+00:00,1.6005,1.6005,1.6005,1.6005,0
1983-06-09T00:00:00+00:00,1.6005,1.6005,1.6005,1.6005,0
1983-06-16T00:00:00+00:00,1.6005,1.6005,1.6005,1.6005,0
1983-06-23T00:00:00+00:00,1.6005,1.6005,1.6005,1.6005,0
1983-06-30T00:00:00+00:00,1.6005,1.6005,1.5285,1.5285,0
1983-07-07T00:00:00+00:00,1.5285,1.5285,1.5285,1.5285,0
1983-07-14T00:00:00+00:00,1.5285,1.5285,1.5285,1.5285,0
1983-07-21T00:00:00+00:00,1.5285,1.5285,1.5285,1.5285,0
1983-07-28T00:00:00+00:00,1.5285,1.5285,1.5285,1.5285,0
1983-08-04T00:00:00+00:00,1.5285,1.5285,1.5285,1.5285,0
1983-08-11T00:00:00+00:00,1.5285,1.5285,1.5285,1.5285,0
1983-08-18T00:00:00+00:00,1.5285,1.5285,1.5285,1.5285,0
1983-08-25T00:00:00+00:00,1.5285,1.5285,1.5285,1.5285,0
1983-09-01T00:00:00+00:00,1.5285,1.5285,1.4985,1.4985,0
1983-09-08T00:00:00+00:00,1.4985,1.4985,1.4985,1.4985,0
1983-09-15T00:00:00+00:00,1.4985,1.4985,1.4985,1.4985,0
1983-09-22T00:00:00+00:00,1.4985,1.4985,1.4985,1.4985,0
1983-09-29T00:00:00+00:00,1.4985,1.4985,1.4985,1.4985,0
1983-10-06T00:00:00+00:00,1.4985,1.508,1.4985,1.508,0
1983-10-13T00:00:00+00:00,1.508,1.508,1.508,1.508,0
1983-10-20T00:00:00+00:00,1.508,1.508,1.508,1.508,0
1983-10-27T00:00:00+00:00,1.508,1.508,1.508,1.508,0
1983-11-03T00:00:00+00:00,1.508,1.508,1.4845,1.4845,0
1983-11-10T00:00:00+00:00,1.4845,1.4845,1.484,1.484,0
1983-11-17T00:00:00+00:00,1.484,1.484,1.484,1.484,0
1983-11-24T00:00:00+00:00,1.4595,1.4595,1.4595,1.4595,0
1983-12-01T00:00:00+00:00,1.4595,1.4595,1.4595,1.4595,0
1983-12-08T00:00:00+00:00,1.4595,1.4595,1.4595,1.4595,0
1983-12-15T00:00:00+00:00,1.4595,1.4595,1.4595,1.4595,0
1983-12-22T00:00:00+00:00,1.4595,1.4595,1.432,1.432,0
1983-12-29T00:00:00+00:00,1.432,1.432,1.4287,1.4287,0
1984-01-05T00:00:00+00:00,1.4287,1.4287,1.4287,1.4287,0
1984-01-12T00:00:00+00:00,1.4287,1.4287,1.4287,1.4287,0
1984-01-19T00:00:00+00:00,1.4287,1.4287,1.4287,1.4287,0
1984-01-26T00:00:00+00:00,1.4287,1.4287,1.4287,1.4287,0
1984-02-02T00:00:00+00:00,1.4287,1.4287,1.4287,1.4287,0
1984-02-09T00:00:00+00:00,1.4287,1.4287,1.428,1.428,0
1984-02-16T00:00:00+00:00,1.428,1.441,1.428,1.441,0
1984-02-23T00:00:00+00:00,1.441,1.441,1.441,1.441,0
1984-03-01T00:00:00+00:00,1.441,1.441,1.441,1.441,0
1984-03-08T00:00:00+00:00,1.441,1.441,1.441,1.441,0
1984-03-15T00:00:00+00:00,1.441,1.441,1.441,1.441,0
1984-03-22T00:00:00+00:00,1.441,1.441,1.441,1.441,0
1984-03-29T00:00:00+00:00,1.441,1.441,1.441,1.441,0
1984-04-05T00:00:00+00:00,1.441,1.441,1.441,1.441,0
1984-04-12T00:00:00+00:00,1.441,1.441,1.441,1.441,0
1984-04-19T00:00:00+00:00,1.441,1.441,1.441,1.441,0
1984-04-26T00:00:00+00:00,1.441,1.441,1.441,1.441,0
1984-05-03T00:00:00+00:00,1.441,1.441,1.441,1.441,0
1984-05-10T00:00:00+00:00,1.441,1.441,1.441,1.441,0
1984-05-17T00:00:00+00:00,1.441,1.441,1.441,1.441,0
1984-05-24T00:00:00+00:00,1.441,1.441,1.3855,1.3855,0
1984-05-31T00:00:00+00:00,1.3855,1.3855,1.3855,1.3855,0
1984-06-07T00:00:00+00:00,1.3855,1.3855,1.3855,1.3855,0
1984-06-14T00:00:00+00:00,1.3855,1.3855,1.3855,1.3855,0
1984-06-21T00:00:00+00:00,1.3855,1.3855,1.3855,1.3855,0
1984-06-28T00:00:00+00:00,1.3855,1.3855,1.3855,1.3855,0
1984-07-05T00:00:00+00:00,1.318,1.318,1.318,1.318,0
1984-07-12T00:00:00+00:00,1.318,1.318,1.318,1.318,0
1984-07-19T00:00:00+00:00,1.318,1.318,1.318,1.318,0
1984-07-26T00:00:00+00:00,1.318,1.318,1.318,1.318,0
1984-08-02T00:00:00+00:00,1.318,1.318,1.318,1.318,0
1984-08-09T00:00:00+00:00,1.318,1.318,1.318,1.318,0
1984-08-16T00:00:00+00:00,1.318,1.318,1.318,1.318,0
1984-08-23T00:00:00+00:00,1.318,1.318,1.318,1.318,0
1984-08-30T00:00:00+00:00,1.318,1.318,1.292,1.292,0
1984-09-06T00:00:00+00:00,1.292,1.292,1.292,1.292,0
1984-09-13T00:00:00+00:00,1.292,1.292,1.292,1.292,0
1984-09-20T00:00:00+00:00,1.292,1.292,1.292,1.292,0
1984-09-27T00:00:00+00:00,1.292,1.292,1.292,1.292,0
1984-10-04T00:00:00+00:00,1.292,1.292,1.228,1.228,0
1984-10-11T00:00:00+00:00,1.228,1.228,1.228,1.228,0
1984-10-18T00:00:00+00:00,1.228,1.228,1.228,1.228,0
1984-10-25T00:00:00+00:00,1.228,1.228,1.228,1.228,0
1984-11-01T00:00:00+00:00,1.228,1.272,1.228,1.272,0
1984-11-08T00:00:00+00:00,1.272,1.272,1.2715,1.2715,0
1984-11-15T00:00:00+00:00,1.2715,1.2715,1.2715,1.2715,0
1984-11-22T00:00:00+00:00,1.22,1.22,1.22,1.22,0
1984-11-29T00:00:00+00:00,1.22,1.22,1.22,1.22,0
1984-12-06T00:00:00+00:00,1.22,1.22,1.22,1.22,0
1984-12-13T00:00:00+00:00,1.22,1.22,1.22,1.22,0
1984-12-20T00:00:00+00:00,1.22,1.22,1.22,1.22,0
1984-12-27T00:00:00+00:00,1.22,1.22,1.22,1.22,0
1985-01-03T00:00:00+00:00,1.22,1.22,1.22,1.22,0
1985-01-10T00:00:00+00:00,1.22,1.22,1.22,1.22,0
1985-01-17T00:00:00+00:00,1.22,1.22,1.1235,1.1235,0
1985-01-24T00:00:00+00:00,1.1235,1.1235,1.1235,1.1235,0
1985-01-31T00:00:00+00:00,1.1235,1.1235,1.1235,1.1235,0
1985-02-07T00:00:00+00:00,1.1235,1.1235,1.0875,1.0875,0
1985-02-14T00:00:00+00:00,1.0875,1.0929,1.0875,1.0929,0
1985-02-21T00:00:00+00:00,1.0929,1.0929,1.0929,1.0929,0
1985-02-28T00:00:00+00:00,1.0929,1.0929,1.0929,1.0929,0
1985-03-07T00:00:00+00:00,1.0929,1.0929,1.0929,1.0929,0
1985-03-14T00:00:00+00:00,1.0929,1.0929,1.0929,1.0929,0
1985-03-21T00:00:00+00:00,1.0929,1.0929,1.0929,1.0929,0
1985-03-28T00:00:00+00:00,1.0929,1.0929,1.0929,1.0929,0
1985-04-04T00:00:00+00:00,1.0929,1.0929,1.0929,1.0929,0
1985-04-11T00:00:00+00:00,1.0929,1.0929,1.0929,1.0929,0
1985-04-18T00:00:00+00:00,1.0929,1.0929,1.0929,1.0929,0
1985-04-25T00:00:00+00:00,1.0929,1.0929,1.0929,1.0929,0
1985-05-02T00:00:00+00:00,1.0929,1.0929,1.0929,1.0929,0
1985-05-09T00:00:00+00:00,1.0929,1.0929,1.0929,1.0929,0
1985-05-16T00:00:00+00:00,1.0929,1.0929,1.0929,1.0929,0
1985-05-23T00:00:00+00:00,1.0929,1.2515,1.0929,1.2515,0
1985-05-30T00:00:00+00:00,1.2515,1.2515,1.2515,1.2515,0
1985-06-06T00:00:00+00:00,1.2515,1.2515,1.2515,1.2515,0
1985-06-13T00:00:00+00:00,1.2515,1.2515,1.2515,1.2515,0
1985-06-20T00:00:00+00:00,1.2515,1.2515,1.2515,1.2515,0
1985-06-27T00:00:00+00:00,1.2515,1.2515,1.2515,1.2515,0
1985-07-04T00:00:00+00:00,1.327,1.327,1.327,1.327,0
1985-07-11T00:00:00+00:00,1.327,1.327,1.327,1.327,0
1985-07-18T00:00:00+00:00,1.327,1.327,1.327,1.327,0
1985-07-25T00:00:00+00:00,1.327,1.327,1.327,1.327,0
1985-08-01T00:00:00+00:00,1.327,1.327,1.327,1.327,0
1985-08-08T00:00:00+00:00,1.327,1.327,1.327,1.327,0
1985-08-15T00:00:00+00:00,1.327,1.327,1.327,1.327,0
1985-08-22T00:00:00+00:00,1.327,1.327,1.327,1.327,0
1985-08-29T00:00:00+00:00,1.327,1.369,1.327,1.369,0
1985-09-05T00:00:00+00:00,1.369,1.369,1.369,1.369,0
1985-09-12T00:00:00+00:00,1.369,1.369,1.369,1.369,0
1985-09-19T00:00:00+00:00,1.369,1.369,1.369,1.369,0
1985-09-26T00:00:00+00:00,1.369,1.369,1.369,1.369,0
1985-10-03T00:00:00+00:00,1.369,1.369,1.369,1.369,0
1985-10-10T00:00:00+00:00,1.369,1.4128,1.369,1.4128,0
1985-10-17T00:00:00+00:00,1.4128,1.4128,1.4128,1.4128,0
1985-10-24T00:00:00+00:00,1.4128,1.4128,1.4128,1.4128,0
1985-10-31T00:00:00+00:00,1.4128,1.4128,1.4128,1.4128,0
1985-11-07T00:00:00+00:00,1.4128,1.4128,1.411,1.411,0
1985-11-14T00:00:00+00:00,1.411,1.411,1.411,1.411,0
1985-11-21T00:00:00+00:00,1.411,1.411,1.411,1.411,0
1985-11-28T00:00:00+00:00,1.489,1.489,1.489,1.489,0
1985-12-05T00:00:00+00:00,1.489,1.489,1.489,1.489,0
1985-12-12T00:00:00+00:00,1.489,1.489,1.489,1.489,0
1985-12-19T00:00:00+00:00,1.489,1.489,1.489,1.489,0
1985-12-26T00:00:00+00:00,1.489,1.489,1.489,1.489,0
1986-01-02T00:00:00+00:00,1.446,1.446,1.446,1.446,0
1986-01-09T00:00:00+00:00,1.446,1.446,1.446,1.446,0
1986-01-16T00:00:00+00:00,1.446,1.446,1.446,1.446,0
1986-01-23T00:00:00+00:00,1.446,1.446,1.446,1.446,0
1986-01-30T00:00:00+00:00,1.446,1.446,1.446,1.446,0
1986-02-06T00:00:00+00:00,1.446,1.469,1.44,1.4605000000000001,0
1986-02-13T00:00:00+00:00,1.4605000000000001,1.5155000000000005,1.4580000000000002,1.5015000000000005,0
1986-02-20T00:00:00+00:00,1.5015000000000005,1.5405000000000006,1.4845000000000006,1.5290000000000006,0
1986-02-27T00:00:00+00:00,1.5290000000000006,1.5395000000000005,1.4815000000000003,1.5015000000000005,0
1986-03-06T00:00:00+00:00,1.5015000000000005,1.5320000000000003,1.4845000000000004,1.5150000000000003,0
1986-03-13T00:00:00+00:00,1.5150000000000003,1.5585000000000002,1.5025000000000002,1.5535000000000003,0
1986-03-20T00:00:00+00:00,1.5535000000000003,1.58,1.5170000000000001,1.5385000000000002,0
1986-03-27T00:00:00+00:00,1.5385000000000002,1.5520000000000003,1.5230000000000001,1.5250000000000001,0
1986-04-03T00:00:00+00:00,1.5250000000000001,1.5480000000000007,1.5080000000000005,1.5325000000000006,0
1986-04-10T00:00:00+00:00,1.5325000000000006,1.5815000000000006,1.5265000000000006,1.5755000000000006,0
1986-04-17T00:00:00+00:00,1.5755000000000006,1.6090000000000007,1.5680000000000005,1.6090000000000007,0
1986-04-24T00:00:00+00:00,1.6090000000000007,1.6280000000000006,1.5940000000000005,1.6040000000000005,0
1986-05-01T00:00:00+00:00,1.6040000000000005,1.6175000000000004,1.5735000000000006,1.6150000000000007,0
1986-05-08T00:00:00+00:00,1.6150000000000007,1.6195000000000008,1.5955000000000008,1.6050000000000009,0
1986-05-15T00:00:00+00:00,1.6050000000000009,1.6095000000000008,1.5770000000000008,1.577500000000001,0
1986-05-22T00:00:00+00:00,1.577500000000001,1.5825000000000011,1.5535000000000012,1.572000000000001,0
1986-05-29T00:00:00+00:00,1.572000000000001,1.572000000000001,1.5365000000000009,1.5585000000000009,0
1986-06-05T00:00:00+00:00,1.5585000000000009,1.6080000000000008,1.5530000000000008,1.6010000000000006,0
1986-06-12T00:00:00+00:00,1.6010000000000006,1.6055000000000008,1.566500000000001,1.574000000000001,0
1986-06-19T00:00:00+00:00,1.574000000000001,1.596000000000001,1.557000000000001,1.586500000000001,0
1986-06-26T00:00:00+00:00,1.586500000000001,1.6225000000000014,1.580500000000001,1.6115000000000013,0
1986-07-03T00:00:00+00:00,1.6115000000000013,1.6195000000000013,1.5865000000000014,1.5980000000000014,0
1986-07-10T00:00:00+00:00,1.5980000000000014,1.5990000000000015,1.5475000000000017,1.5830000000000013,0
1986-07-17T00:00:00+00:00,1.5830000000000013,1.5880000000000012,1.5615000000000012,1.5690000000000013,0
1986-07-24T00:00:00+00:00,1.5690000000000013,1.5815000000000012,1.5485000000000013,1.5785000000000011,0
1986-07-31T00:00:00+00:00,1.5785000000000011,1.5845000000000011,1.546500000000001,1.562500000000001,0
1986-08-07T00:00:00+00:00,1.562500000000001,1.5760000000000012,1.548500000000001,1.5720000000000012,0
1986-08-14T00:00:00+00:00,1.5720000000000012,1.5895000000000015,1.5690000000000013,1.5880000000000014,0
1986-08-21T00:00:00+00:00,1.5880000000000014,1.5880000000000014,1.5575000000000014,1.5665000000000016,0
1986-08-28T00:00:00+00:00,1.5665000000000016,1.5860000000000016,1.5590000000000015,1.5825000000000016,0
1986-09-04T00:00:00+00:00,1.5825000000000016,1.5920000000000014,1.5590000000000015,1.5670000000000015,0
1986-09-11T00:00:00+00:00,1.5670000000000015,1.5730000000000015,1.5405000000000015,1.5590000000000015,0
1986-09-18T00:00:00+00:00,1.5590000000000015,1.5740000000000014,1.5440000000000014,1.5480000000000014,0
1986-09-25T00:00:00+00:00,1.5480000000000014,1.5555000000000017,1.5310000000000015,1.5475000000000017,0
1986-10-02T00:00:00+00:00,1.5475000000000017,1.5500000000000016,1.5230000000000015,1.5270000000000015,0
1986-10-09T00:00:00+00:00,1.5270000000000015,1.552500000000001,1.5240000000000014,1.5475000000000012,0
1986-10-16T00:00:00+00:00,1.5475000000000012,1.5515000000000012,1.5340000000000011,1.5400000000000014,0
1986-10-23T00:00:00+00:00,1.5400000000000014,1.5425000000000013,1.5135000000000016,1.5220000000000016,0
1986-10-30T00:00:00+00:00,1.5220000000000016,1.5385000000000018,1.5030000000000017,1.5360000000000018,0
1986-11-06T00:00:00+00:00,1.5360000000000018,1.5495000000000017,1.527000000000002,1.533000000000002,0
1986-11-13T00:00:00+00:00,1.533000000000002,1.5390000000000021,1.523000000000002,1.5295000000000023,0
1986-11-20T00:00:00+00:00,1.5295000000000023,1.5430000000000024,1.5180000000000025,1.5405000000000024,0
1986-11-27T00:00:00+00:00,1.5405000000000024,1.5480000000000023,1.5345000000000024,1.5410000000000024,0
1986-12-04T00:00:00+00:00,1.5410000000000024,1.5415000000000023,1.5230000000000024,1.5345000000000024,0
1986-12-11T00:00:00+00:00,1.5345000000000024,1.5435000000000025,1.5290000000000024,1.5360000000000025,0
1986-12-18T00:00:00+00:00,1.5360000000000025,1.5675000000000026,1.5340000000000025,1.5675000000000026,0
1986-12-25T00:00:00+00:00,1.5675000000000026,1.5945000000000025,1.5610000000000024,1.5930000000000024,0
1987-01-01T00:00:00+00:00,1.5930000000000024,1.6025000000000025,1.5725000000000027,1.5790000000000026,0
1987-01-08T00:00:00+00:00,1.5790000000000026,1.6170000000000024,1.5710000000000026,1.6125000000000025,0
1987-01-15T00:00:00+00:00,1.6125000000000025,1.6480000000000024,1.6040000000000025,1.6290000000000022,0
1987-01-22T00:00:00+00:00,1.6290000000000022,1.6510000000000025,1.6250000000000024,1.6420000000000023,0
1987-01-29T00:00:00+00:00,1.6420000000000023,1.6450000000000022,1.6065000000000023,1.6250000000000022,0
1987-02-05T00:00:00+00:00,1.6250000000000022,1.640500000000002,1.6010000000000022,1.6220000000000019,0
1987-02-12T00:00:00+00:00,1.6220000000000019,1.6410000000000018,1.6160000000000019,1.6390000000000018,0
1987-02-19T00:00:00+00:00,1.6390000000000018,1.652000000000002,1.6260000000000019,1.646000000000002,0
1987-02-26T00:00:00+00:00,1.646000000000002,1.6770000000000018,1.6445000000000018,1.6725000000000019,0
1987-03-05T00:00:00+00:00,1.6725000000000019,1.708000000000002,1.669500000000002,1.700500000000002,0
1987-03-12T00:00:00+00:00,1.700500000000002,1.7170000000000016,1.6800000000000017,1.7165000000000017,0
1987-03-19T00:00:00+00:00,1.7165000000000017,1.7315000000000016,1.7020000000000017,1.7085000000000015,0
1987-03-26T00:00:00+00:00,1.7085000000000015,1.7230000000000014,1.6980000000000015,1.6985000000000015,0
1987-04-02T00:00:00+00:00,1.6985000000000015,1.7245000000000015,1.6955000000000016,1.7170000000000014,0
1987-04-09T00:00:00+00:00,1.7170000000000014,1.7350000000000019,1.7135000000000016,1.7310000000000019,0
1987-04-16T00:00:00+00:00,1.7310000000000019,1.7365000000000017,1.7195000000000018,1.7275000000000018,0
1987-04-23T00:00:00+00:00,1.7275000000000018,1.768500000000002,1.7260000000000018,1.761000000000002,0
1987-04-30T00:00:00+00:00,1.761000000000002,1.784000000000002,1.752500000000002,1.781000000000002,0
1987-05-07T00:00:00+00:00,1.781000000000002,1.7820000000000018,1.7530000000000017,1.765000000000002,0
1987-05-14T00:00:00+00:00,1.765000000000002,1.7865000000000022,1.7635000000000018,1.7765000000000022,0
1987-05-21T00:00:00+00:00,1.7765000000000022,1.7820000000000022,1.7050000000000023,1.7145000000000024,0
1987-05-28T00:00:00+00:00,1.7145000000000024,1.7550000000000021,1.7145000000000024,1.729500000000002,0
1987-06-04T00:00:00+00:00,1.729500000000002,1.7735000000000023,1.722000000000002,1.7670000000000023,0
1987-06-11T00:00:00+00:00,1.7670000000000023,1.7710000000000024,1.7285000000000024,1.7315000000000023,0
1987-06-18T00:00:00+00:00,1.7315000000000023,1.7420000000000024,1.6905000000000026,1.7285000000000026,0
1987-06-25T00:00:00+00:00,1.7285000000000026,1.7285000000000026,1.6980000000000028,1.717500000000003,0
1987-07-02T00:00:00+00:00,1.717500000000003,1.725500000000003,1.709000000000003,1.720500000000003,0
1987-07-09T00:00:00+00:00,1.720500000000003,1.7400000000000029,1.707500000000003,1.737000000000003,0
1987-07-16T00:00:00+00:00,1.737000000000003,1.737000000000003,1.696000000000003,1.7005000000000032,0
1987-07-23T00:00:00+00:00,1.7005000000000032,1.7135000000000034,1.698500000000003,1.704000000000003,0
1987-07-30T00:00:00+00:00,1.704000000000003,1.7050000000000032,1.6715000000000029,1.682500000000003,0
1987-08-06T00:00:00+00:00,1.682500000000003,1.6885000000000028,1.667000000000003,1.6855000000000029,0
1987-08-13T00:00:00+00:00,1.6855000000000029,1.7325000000000026,1.6810000000000027,1.7315000000000027,0
1987-08-20T00:00:00+00:00,1.7315000000000027,1.7385000000000028,1.7100000000000029,1.7205000000000028,0
1987-08-27T00:00:00+00:00,1.7205000000000028,1.7575000000000027,1.7185000000000028,1.7565000000000028,0
1987-09-03T00:00:00+00:00,1.7565000000000028,1.7675000000000027,1.7460000000000029,1.7495000000000027,0
1987-09-10T00:00:00+00:00,1.7495000000000027,1.7630000000000028,1.7370000000000028,1.7495000000000027,0
1987-09-17T00:00:00+00:00,1.7495000000000027,1.7625000000000028,1.7405000000000026,1.7485000000000026,0
1987-09-24T00:00:00+00:00,1.7485000000000026,1.7520000000000024,1.7290000000000025,1.7325000000000026,0
1987-10-01T00:00:00+00:00,1.7325000000000026,1.7520000000000024,1.7210000000000025,1.7515000000000025,0
1987-10-08T00:00:00+00:00,1.7515000000000025,1.7665000000000022,1.7485000000000022,1.7650000000000021,0
1987-10-15T00:00:00+00:00,1.7650000000000021,1.7750000000000021,1.7325000000000017,1.7365000000000017,0
1987-10-22T00:00:00+00:00,1.7365000000000017,1.8150000000000017,1.7310000000000016,1.8085000000000016,0
1987-10-29T00:00:00+00:00,1.8085000000000016,1.8390000000000013,1.7950000000000017,1.8390000000000013,0
1987-11-05T00:00:00+00:00,1.8390000000000013,1.8850000000000011,1.8380000000000012,1.865500000000001,0
1987-11-12T00:00:00+00:00,1.865500000000001,1.866000000000001,1.8265000000000011,1.8640000000000012,0
1987-11-19T00:00:00+00:00,1.8640000000000012,1.8860000000000012,1.849000000000001,1.8790000000000011,0
1987-11-26T00:00:00+00:00,1.7935,1.8325,1.7935,1.8179999999999998,0
1987-12-03T00:00:00+00:00,1.8179999999999998,1.8205,1.7825,1.81,0
1987-12-10T00:00:00+00:00,1.81,1.8524999999999998,1.8055,1.8424999999999998,0
1987-12-17T00:00:00+00:00,1.8424999999999998,1.8494999999999997,1.8204999999999998,1.8304999999999998,0
1987-12-24T00:00:00+00:00,1.8304999999999998,1.8599999999999997,1.8284999999999998,1.8454999999999997,0
1987-12-31T00:00:00+00:00,1.8454999999999997,1.8759999999999997,1.7719999999999996,1.7919999999999996,0
1988-01-07T00:00:00+00:00,1.7919999999999996,1.8235,1.7769999999999997,1.8089999999999997,0
1988-01-14T00:00:00+00:00,1.8089999999999997,1.8154999999999997,1.7469999999999997,1.7869999999999995,0
1988-01-21T00:00:00+00:00,1.7869999999999995,1.7944999999999993,1.7544999999999995,1.7729999999999995,0
1988-01-28T00:00:00+00:00,1.7729999999999995,1.7749999999999995,1.7409999999999997,1.7539999999999996,0
1988-02-04T00:00:00+00:00,1.7539999999999996,1.7624999999999995,1.7334999999999996,1.7509999999999997,0
1988-02-11T00:00:00+00:00,1.7509999999999997,1.7554999999999996,1.7199999999999998,1.7464999999999997,0
1988-02-18T00:00:00+00:00,1.7464999999999997,1.7649999999999997,1.7334999999999996,1.7584999999999995,0
1988-02-25T00:00:00+00:00,1.7584999999999995,1.7709999999999992,1.7519999999999996,1.7604999999999993,0
1988-03-03T00:00:00+00:00,1.7604999999999993,1.8459999999999994,1.7589999999999992,1.8399999999999994,0
1988-03-10T00:00:00+00:00,1.8399999999999994,1.8564999999999994,1.8329999999999995,1.8404999999999994,0
1988-03-17T00:00:00+00:00,1.8404999999999994,1.8514999999999993,1.8124999999999991,1.8319999999999994,0
1988-03-24T00:00:00+00:00,1.8319999999999994,1.8739999999999994,1.8189999999999995,1.8659999999999994,0
1988-03-31T00:00:00+00:00,1.8659999999999994,1.8864999999999994,1.8569999999999995,1.8619999999999994,0
1988-04-07T00:00:00+00:00,1.8619999999999994,1.8704999999999994,1.8259999999999994,1.8299999999999994,0
1988-04-14T00:00:00+00:00,1.8299999999999994,1.8979999999999992,1.8279999999999994,1.8839999999999992,0
1988-04-21T00:00:00+00:00,1.8839999999999992,1.8919999999999992,1.8614999999999993,1.8669999999999993,0
1988-04-28T00:00:00+00:00,1.8669999999999993,1.8839999999999992,1.8559999999999994,1.8589999999999993,0
1988-05-05T00:00:00+00:00,1.8589999999999993,1.8789999999999993,1.8529999999999995,1.8704999999999994,0
1988-05-12T00:00:00+00:00,1.8704999999999994,1.8834999999999993,1.8429999999999993,1.8564999999999994,0
1988-05-19T00:00:00+00:00,1.8564999999999994,1.8599999999999994,1.8479999999999994,1.8494999999999995,0
1988-05-26T00:00:00+00:00,1.8494999999999995,1.8509999999999995,1.7994999999999992,1.8009999999999993,0
1988-06-02T00:00:00+00:00,1.8009999999999993,1.808999999999999,1.773999999999999,1.7959999999999992,0
1988-06-09T00:00:00+00:00,1.7959999999999992,1.8154999999999992,1.7699999999999991,1.7769999999999992,0
1988-06-16T00:00:00+00:00,1.7769999999999992,1.7859999999999994,1.758499999999999,1.758499999999999,0
1988-06-23T00:00:00+00:00,1.758499999999999,1.765499999999999,1.6934999999999991,1.7114999999999991,0
1988-06-30T00:00:00+00:00,1.7114999999999991,1.721999999999999,1.6784999999999992,1.7214999999999991,0
1988-07-07T00:00:00+00:00,1.7214999999999991,1.725999999999999,1.690999999999999,1.6984999999999988,0
1988-07-14T00:00:00+00:00,1.6984999999999988,1.718499999999999,1.6604999999999992,1.708499999999999,0
1988-07-21T00:00:00+00:00,1.708499999999999,1.757499999999999,1.700999999999999,1.729999999999999,0
1988-07-28T00:00:00+00:00,1.729999999999999,1.738499999999999,1.697499999999999,1.706499999999999,0
1988-08-04T00:00:00+00:00,1.706499999999999,1.7119999999999989,1.6794999999999989,1.694499999999999,0
1988-08-11T00:00:00+00:00,1.694499999999999,1.728999999999999,1.680499999999999,1.684499999999999,0
1988-08-18T00:00:00+00:00,1.684499999999999,1.6989999999999992,1.6654999999999989,1.6814999999999989,0
1988-08-25T00:00:00+00:00,1.6814999999999989,1.700499999999999,1.666999999999999,1.680499999999999,0
1988-09-01T00:00:00+00:00,1.680499999999999,1.706499999999999,1.6619999999999988,1.701999999999999,0
1988-09-08T00:00:00+00:00,1.701999999999999,1.701999999999999,1.670999999999999,1.675999999999999,0
1988-09-15T00:00:00+00:00,1.675999999999999,1.6834999999999993,1.667999999999999,1.6689999999999994,0
1988-09-22T00:00:00+00:00,1.6689999999999994,1.6854999999999993,1.6544999999999994,1.6839999999999993,0
1988-09-29T00:00:00+00:00,1.6839999999999993,1.6989999999999994,1.6744999999999994,1.6909999999999992,0
1988-10-06T00:00:00+00:00,1.6909999999999992,1.7319999999999993,1.6879999999999993,1.7289999999999992,0
1988-10-13T00:00:00+00:00,1.7289999999999992,1.7584999999999995,1.7274999999999994,1.7409999999999997,0
1988-10-20T00:00:00+00:00,1.7409999999999997,1.7569999999999997,1.7334999999999996,1.7519999999999998,0
1988-10-27T00:00:00+00:00,1.7519999999999998,1.7805000000000002,1.7459999999999998,1.7745000000000002,0
1988-11-03T00:00:00+00:00,1.7745000000000002,1.7920000000000005,1.7490000000000003,1.7845000000000004,0
1988-11-10T00:00:00+00:00,1.7845000000000004,1.8265000000000005,1.7800000000000005,1.8255000000000006,0
1988-11-17T00:00:00+00:00,1.8255000000000006,1.8390000000000004,1.8075000000000006,1.8360000000000005,0
1988-11-24T00:00:00+00:00,1.8360000000000005,1.8485000000000005,1.8215000000000006,1.8480000000000005,0
1988-12-01T00:00:00+00:00,1.8480000000000005,1.8660000000000005,1.8190000000000006,1.8325000000000005,0
1988-12-08T00:00:00+00:00,1.8325000000000005,1.8520000000000005,1.8095,1.8205000000000002,0
1988-12-15T00:00:00+00:00,1.8205000000000002,1.8270000000000002,1.784,1.7985000000000002,0
1988-12-22T00:00:00+00:00,1.7985000000000002,1.8085,1.7820000000000003,1.7895,0
1988-12-29T00:00:00+00:00,1.7895,1.83,1.7815,1.809,0
1989-01-05T00:00:00+00:00,1.809,1.811,1.758,1.785,0
1989-01-12T00:00:00+00:00,1.785,1.7915,1.749,1.7510000000000001,0
1989-01-19T00:00:00+00:00,1.7510000000000001,1.7815,1.7445000000000002,1.7710000000000001,0
1989-01-26T00:00:00+00:00,1.7710000000000001,1.7765,1.7455,1.748,0
1989-02-02T00:00:00+00:00,1.748,1.755,1.7324999999999997,1.7484999999999997,0
1989-02-09T00:00:00+00:00,1.7484999999999997,1.7854999999999996,1.7479999999999998,1.7769999999999997,0
1989-02-16T00:00:00+00:00,1.7769999999999997,1.7854999999999999,1.7445,1.7505,0
1989-02-23T00:00:00+00:00,1.7505,1.7674999999999998,1.7249999999999999,1.7289999999999999,0
1989-03-02T00:00:00+00:00,1.7289999999999999,1.7394999999999998,1.7169999999999999,1.7214999999999998,0
1989-03-09T00:00:00+00:00,1.7214999999999998,1.7374999999999998,1.718,1.7289999999999999,0
1989-03-16T00:00:00+00:00,1.7289999999999999,1.7359999999999998,1.7149999999999999,1.7349999999999997,0
1989-03-23T00:00:00+00:00,1.7349999999999997,1.7374999999999996,1.6904999999999994,1.6934999999999993,0
1989-03-30T00:00:00+00:00,1.6934999999999993,1.7214999999999991,1.6799999999999993,1.7124999999999992,0
1989-04-06T00:00:00+00:00,1.7124999999999992,1.7184999999999995,1.6964999999999997,1.7019999999999995,0
1989-04-13T00:00:00+00:00,1.7019999999999995,1.7274999999999996,1.7009999999999996,1.7174999999999996,0
1989-04-20T00:00:00+00:00,1.7174999999999996,1.7279999999999998,1.6964999999999995,1.6989999999999994,0
1989-04-27T00:00:00+00:00,1.6989999999999994,1.7159999999999995,1.6854999999999996,1.6899999999999995,0
1989-05-04T00:00:00+00:00,1.6899999999999995,1.6979999999999995,1.6664999999999994,1.6819999999999995,0
1989-05-11T00:00:00+00:00,1.6819999999999995,1.6904999999999997,1.6189999999999996,1.6219999999999997,0
1989-05-18T00:00:00+00:00,1.6219999999999997,1.6339999999999997,1.5674999999999997,1.5859999999999996,0
1989-05-25T00:00:00+00:00,1.5859999999999996,1.6254999999999997,1.5765,1.591,0
1989-06-01T00:00:00+00:00,1.591,1.6279999999999997,1.5804999999999998,1.5954999999999997,0
1989-06-08T00:00:00+00:00,1.5954999999999997,1.6034999999999997,1.5349999999999995,1.5359999999999996,0
1989-06-15T00:00:00+00:00,1.5359999999999996,1.5884999999999996,1.5179999999999996,1.5859999999999996,0
1989-06-22T00:00:00+00:00,1.5859999999999996,1.6029999999999998,1.5654999999999997,1.5859999999999999,0
1989-06-29T00:00:00+00:00,1.5859999999999999,1.6624999999999999,1.5699999999999998,1.6589999999999998,0
1989-07-06T00:00:00+00:00,1.6589999999999998,1.6765,1.6455,1.661,0
1989-07-13T00:00:00+00:00,1.661,1.6645,1.6315,1.6435,0
1989-07-20T00:00:00+00:00,1.6435,1.698,1.6405,1.6974999999999998,0
1989-07-27T00:00:00+00:00,1.6974999999999998,1.7095,1.6794999999999998,1.6945000000000001,0
1989-08-03T00:00:00+00:00,1.6945000000000001,1.6995,1.637,1.6660000000000001,0
1989-08-10T00:00:00+00:00,1.6660000000000001,1.6775000000000002,1.6155000000000002,1.626,0
1989-08-17T00:00:00+00:00,1.626,1.634,1.5995,1.6155,0
1989-08-24T00:00:00+00:00,1.6155,1.639,1.605,1.623,0
1989-08-31T00:00:00+00:00,1.623,1.625,1.583,1.6,0
1989-09-07T00:00:00+00:00,1.6,1.6119999999999999,1.583,1.6099999999999999,0
1989-09-14T00:00:00+00:00,1.6099999999999999,1.6235,1.5874999999999997,1.6184999999999998,0
1989-09-21T00:00:00+00:00,1.6184999999999998,1.6589999999999998,1.6065,1.6479999999999997,0
1989-09-28T00:00:00+00:00,1.6479999999999997,1.6644999999999996,1.6344999999999994,1.6359999999999995,0
1989-10-05T00:00:00+00:00,1.6359999999999995,1.6594999999999993,1.5694999999999995,1.5769999999999995,0
1989-10-12T00:00:00+00:00,1.5769999999999995,1.6309999999999993,1.5759999999999994,1.6124999999999992,0
1989-10-19T00:00:00+00:00,1.6124999999999992,1.6314999999999993,1.6054999999999993,1.6286999999999994,0
1989-10-26T00:00:00+00:00,1.6286999999999994,1.6314999999999993,1.5844999999999994,1.6026999999999993,0
1989-11-02T00:00:00+00:00,1.6026999999999993,1.6179999999999994,1.5936999999999992,1.6096999999999995,0
1989-11-09T00:00:00+00:00,1.6096999999999995,1.6104999999999996,1.5906999999999996,1.5976999999999995,0
1989-11-16T00:00:00+00:00,1.5976999999999995,1.6011999999999995,1.5718999999999996,1.5765999999999996,0
1989-11-23T00:00:00+00:00,1.5765999999999996,1.5765999999999996,1.5593999999999995,1.5667999999999995,0
1989-11-30T00:00:00+00:00,1.5667999999999995,1.5782999999999994,1.5622999999999994,1.5757999999999994,0
1989-12-07T00:00:00+00:00,1.5757999999999994,1.6075999999999997,1.5732999999999995,1.5887999999999998,0
1989-12-14T00:00:00+00:00,1.5887999999999998,1.6004,1.5737999999999999,1.5817999999999999,0
1989-12-21T00:00:00+00:00,1.5817999999999999,1.6325,1.5817999999999999,1.6252,0
1989-12-28T00:00:00+00:00,1.6252,1.6284,1.6037000000000001,1.6072,0
1990-01-04T00:00:00+00:00,1.6072,1.6542000000000001,1.6041999999999998,1.6452,0
1990-01-11T00:00:00+00:00,1.6452,1.6596,1.6281,1.6356,0
1990-01-18T00:00:00+00:00,1.6356,1.6535,1.6263,1.644,0
1990-01-25T00:00:00+00:00,1.644,1.6729999999999998,1.6427999999999998,1.6663,0
1990-02-01T00:00:00+00:00,1.6663,1.6911999999999996,1.6653999999999998,1.6795999999999998,0
1990-02-08T00:00:00+00:00,1.6795999999999998,1.6905999999999997,1.6761,1.6880999999999997,0
1990-02-15T00:00:00+00:00,1.6880999999999997,1.6987,1.6713999999999998,1.6955000000000002,0
1990-02-22T00:00:00+00:00,1.6955000000000002,1.701,1.6789,1.6834,0
1990-03-01T00:00:00+00:00,1.6834,1.6863,1.6462999999999999,1.6541,0
1990-03-08T00:00:00+00:00,1.6541,1.6616,1.6089999999999998,1.6216999999999997,0
1990-03-15T00:00:00+00:00,1.6216999999999997,1.6392999999999998,1.6037999999999997,1.6112999999999995,0
1990-03-22T00:00:00+00:00,1.6112999999999995,1.6622999999999994,1.6072999999999995,1.6572999999999996,0
1990-03-29T00:00:00+00:00,1.6572999999999996,1.6847999999999996,1.6532999999999995,1.6817999999999997,0
1990-04-05T00:00:00+00:00,1.6817999999999997,1.6839999999999997,1.6623999999999997,1.6773999999999998,0
1990-04-12T00:00:00+00:00,1.6773999999999998,1.6791999999999998,1.6288000000000002,1.6478000000000004,0
1990-04-19T00:00:00+00:00,1.6478000000000004,1.6571000000000005,1.6397000000000002,1.6527,0
1990-04-26T00:00:00+00:00,1.6527,1.6737,1.6434,1.6711999999999998,0
1990-05-03T00:00:00+00:00,1.6711999999999998,1.7052999999999998,1.666,1.7023,0
1990-05-10T00:00:00+00:00,1.7023,1.7246,1.6953,1.7215999999999998,0
1990-05-17T00:00:00+00:00,1.7215999999999998,1.7373999999999996,1.7188999999999997,1.7277999999999996,0
1990-05-24T00:00:00+00:00,1.7277999999999996,1.7287999999999994,1.7007999999999992,1.7062999999999993,0
1990-05-31T00:00:00+00:00,1.7062999999999993,1.7067999999999992,1.6857999999999993,1.704099999999999,0
1990-06-07T00:00:00+00:00,1.704099999999999,1.723099999999999,1.698099999999999,1.723099999999999,0
1990-06-14T00:00:00+00:00,1.723099999999999,1.734999999999999,1.710799999999999,1.7297999999999991,0
1990-06-21T00:00:00+00:00,1.7297999999999991,1.7648999999999988,1.7222999999999988,1.7598999999999987,0
1990-06-28T00:00:00+00:00,1.7598999999999987,1.8159999999999983,1.7503999999999986,1.8092999999999984,0
1990-07-05T00:00:00+00:00,1.8092999999999984,1.8365999999999987,1.7900999999999985,1.8115999999999988,0
1990-07-12T00:00:00+00:00,1.8115999999999988,1.8668999999999984,1.7870999999999986,1.8518999999999983,0
1990-07-19T00:00:00+00:00,1.8518999999999983,1.8643999999999983,1.8383999999999983,1.8470999999999982,0
1990-07-26T00:00:00+00:00,1.8470999999999982,1.9075999999999982,1.8425999999999982,1.900599999999998,0
1990-08-02T00:00:00+00:00,1.900599999999998,1.9318999999999977,1.876599999999998,1.9190999999999978,0
1990-08-09T00:00:00+00:00,1.9190999999999978,1.9547999999999977,1.9127999999999978,1.9522999999999977,0
1990-08-16T00:00:00+00:00,1.9522999999999977,1.9806999999999981,1.943799999999998,1.974199999999998,0
1990-08-23T00:00:00+00:00,1.974199999999998,2.014199999999998,1.9716999999999978,1.996199999999998,0
1990-08-30T00:00:00+00:00,1.996199999999998,1.998199999999998,1.9106999999999978,1.941999999999998,0
1990-09-06T00:00:00+00:00,1.941999999999998,1.958999999999998,1.8724999999999983,1.8949999999999982,0
1990-09-13T00:00:00+00:00,1.8949999999999982,1.9574999999999982,1.8929999999999982,1.9154999999999982,0
1990-09-20T00:00:00+00:00,1.9154999999999982,1.9186999999999983,1.8636999999999981,1.8881999999999985,0
1990-09-27T00:00:00+00:00,1.8881999999999985,1.9179999999999984,1.8826999999999985,1.9149999999999985,0
1990-10-04T00:00:00+00:00,1.9149999999999985,1.9684999999999986,1.9084999999999985,1.9534999999999982,0
1990-10-11T00:00:00+00:00,1.9534999999999982,1.969499999999998,1.9254999999999982,1.954999999999998,0
1990-10-18T00:00:00+00:00,1.954999999999998,1.973999999999998,1.945999999999998,1.970499999999998,0
1990-10-25T00:00:00+00:00,1.970499999999998,1.974499999999998,1.947199999999998,1.9549999999999979,0
1990-11-01T00:00:00+00:00,1.9549999999999979,1.998699999999998,1.9469999999999978,1.987199999999998,0
1990-11-08T00:00:00+00:00,1.987199999999998,1.9916999999999982,1.973699999999998,1.9823999999999982,0
1990-11-15T00:00:00+00:00,1.9823999999999982,2.005799999999998,1.9798999999999982,1.9985999999999984,0
1990-11-22T00:00:00+00:00,1.9985999999999984,2.0189999999999984,1.9874999999999985,1.9939999999999982,0
1990-11-29T00:00:00+00:00,1.9939999999999982,1.9944999999999982,1.9376999999999982,1.954699999999998,0
1990-12-06T00:00:00+00:00,1.954699999999998,1.977699999999998,1.9516999999999982,1.966999999999998,0
1990-12-13T00:00:00+00:00,1.966999999999998,1.970499999999998,1.9469999999999983,1.9499999999999984,0
1990-12-20T00:00:00+00:00,1.9499999999999984,1.9524999999999983,1.8675,1.8829999999999998,0
1990-12-27T00:00:00+00:00,1.8829999999999998,1.9445,1.8775,1.944,0
1991-01-03T00:00:00+00:00,1.944,1.954,1.905,1.915,0
1991-01-10T00:00:00+00:00,1.915,1.9515999999999998,1.9135,1.9461,0
1991-01-17T00:00:00+00:00,1.9461,2.0231,1.9336,2.0231,0
1991-01-24T00:00:00+00:00,2.0231,2.0536000000000003,2.0186,2.035100000000001,0
1991-01-31T00:00:00+00:00,2.035100000000001,2.081100000000001,2.029600000000001,2.0801000000000016,0
1991-02-07T00:00:00+00:00,2.0801000000000016,2.0831000000000013,2.0553000000000017,2.0608000000000013,0
1991-02-14T00:00:00+00:00,2.0608000000000013,2.0688000000000013,2.0176000000000007,2.023600000000001,0
1991-02-21T00:00:00+00:00,2.023600000000001,2.0406000000000013,1.9863000000000008,1.9943000000000008,0
1991-02-28T00:00:00+00:00,1.9943000000000008,2.004800000000001,1.9558000000000009,1.9743000000000008,0
1991-03-07T00:00:00+00:00,1.9743000000000008,1.9763000000000008,1.9443000000000008,1.9598000000000009,0
1991-03-14T00:00:00+00:00,1.9598000000000009,1.9643000000000008,1.8437000000000008,1.8927000000000007,0
1991-03-21T00:00:00+00:00,1.8927000000000007,1.9127000000000007,1.8377000000000008,1.8517000000000008,0
1991-03-28T00:00:00+00:00,1.8517000000000008,1.8527000000000007,1.7280000000000002,1.7440000000000002,0
1991-04-04T00:00:00+00:00,1.7440000000000002,1.778,1.7340000000000002,1.7550000000000001,0
1991-04-11T00:00:00+00:00,1.7550000000000001,1.7876,1.7500000000000002,1.7695,0
1991-04-18T00:00:00+00:00,1.7695,1.77,1.6714999999999998,1.6844999999999997,0
1991-04-25T00:00:00+00:00,1.6844999999999997,1.7571999999999994,1.6649999999999996,1.7286999999999995,0
1991-05-02T00:00:00+00:00,1.7286999999999995,1.7617999999999994,1.7101999999999995,1.7454999999999994,0
1991-05-09T00:00:00+00:00,1.7454999999999994,1.7821999999999993,1.7279999999999993,1.7706999999999995,0
1991-05-16T00:00:00+00:00,1.7706999999999995,1.7786999999999995,1.7171999999999996,1.753,0
1991-05-23T00:00:00+00:00,1.753,1.7719999999999998,1.7404999999999997,1.7484999999999997,0
1991-05-30T00:00:00+00:00,1.7484999999999997,1.7579999999999998,1.7097999999999995,1.7254999999999996,0
1991-06-06T00:00:00+00:00,1.7254999999999996,1.7284999999999997,1.6741999999999997,1.6756999999999995,0
1991-06-13T00:00:00+00:00,1.6756999999999995,1.6808999999999996,1.6358999999999995,1.6640999999999995,0
1991-06-20T00:00:00+00:00,1.6640999999999995,1.6940999999999995,1.6555999999999995,1.6805999999999994,0
1991-06-27T00:00:00+00:00,1.6805999999999994,1.6820999999999995,1.6500999999999997,1.6557999999999997,0
1991-07-04T00:00:00+00:00,1.6557999999999997,1.6817999999999995,1.6472999999999998,1.6674999999999995,0
1991-07-11T00:00:00+00:00,1.6674999999999995,1.7067999999999994,1.6474999999999995,1.7047999999999994,0
1991-07-18T00:00:00+00:00,1.7047999999999994,1.7597999999999994,1.7017999999999995,1.7506999999999995,0
1991-07-25T00:00:00+00:00,1.7506999999999995,1.7582999999999995,1.7271999999999994,1.7501999999999995,0
1991-08-01T00:00:00+00:00,1.7501999999999995,1.7851999999999997,1.7311999999999996,1.7826999999999997,0
1991-08-08T00:00:00+00:00,1.7826999999999997,1.7878999999999996,1.7506999999999997,1.7521999999999995,0
1991-08-15T00:00:00+00:00,1.7521999999999995,1.7671999999999997,1.6776999999999995,1.7449999999999999,0
1991-08-22T00:00:00+00:00,1.7449999999999999,1.764,1.7385,1.7595,0
1991-08-29T00:00:00+00:00,1.7595,1.771,1.7465000000000002,1.7659999999999998,0
1991-09-05T00:00:00+00:00,1.7659999999999998,1.8125,1.7617999999999998,1.8122999999999998,0
1991-09-12T00:00:00+00:00,1.8122999999999998,1.8341999999999996,1.7967999999999997,1.8132999999999997,0
1991-09-19T00:00:00+00:00,1.8132999999999997,1.8316999999999994,1.8059999999999994,1.8166999999999995,0
1991-09-26T00:00:00+00:00,1.8166999999999995,1.8336999999999997,1.8046999999999995,1.8251999999999997,0
1991-10-03T00:00:00+00:00,1.8251999999999997,1.8362999999999996,1.7691999999999997,1.7947999999999997,0
1991-10-10T00:00:00+00:00,1.7947999999999997,1.8043999999999998,1.7788999999999997,1.7888999999999995,0
1991-10-17T00:00:00+00:00,1.7888999999999995,1.8106999999999995,1.7801999999999993,1.7846999999999993,0
1991-10-24T00:00:00+00:00,1.7846999999999993,1.835799999999999,1.7777999999999992,1.829799999999999,0
1991-10-31T00:00:00+00:00,1.829799999999999,1.8748999999999987,1.822399999999999,1.8693999999999988,0
1991-11-07T00:00:00+00:00,1.8693999999999988,1.877899999999999,1.851899999999999,1.874899999999999,0
1991-11-14T00:00:00+00:00,1.874899999999999,1.890699999999999,1.862699999999999,1.8816999999999988,0
1991-11-21T00:00:00+00:00,1.8816999999999988,1.8879999999999988,1.8439999999999988,1.8499999999999988,0
1991-11-28T00:00:00+00:00,1.8499999999999988,1.8621999999999992,1.8352999999999988,1.8616999999999992,0
1991-12-05T00:00:00+00:00,1.8616999999999992,1.889399999999999,1.8441999999999992,1.861399999999999,0
1991-12-12T00:00:00+00:00,1.861399999999999,1.8865999999999992,1.857599999999999,1.882099999999999,0
1991-12-19T00:00:00+00:00,1.882099999999999,1.938399999999999,1.878399999999999,1.9255999999999993,0
1991-12-26T00:00:00+00:00,1.9255999999999993,1.9328999999999994,1.9132999999999993,1.9202999999999997,0
1992-01-02T00:00:00+00:00,1.9202999999999997,1.9325999999999997,1.8898999999999995,1.9205999999999996,0
1992-01-09T00:00:00+00:00,1.9205999999999996,1.9225999999999996,1.7763,1.7899,0
1992-01-16T00:00:00+00:00,1.7899,1.8337,1.7832000000000001,1.8216999999999999,0
1992-01-23T00:00:00+00:00,1.8216999999999999,1.8341999999999996,1.7936999999999999,1.8124999999999998,0
1992-01-30T00:00:00+00:00,1.8124999999999998,1.8320999999999998,1.7884999999999998,1.8308999999999997,0
1992-02-06T00:00:00+00:00,1.8308999999999997,1.8534,1.7941999999999998,1.7992,0
1992-02-13T00:00:00+00:00,1.7992,1.8101999999999998,1.7541999999999998,1.7611999999999997,0
1992-02-20T00:00:00+00:00,1.7611999999999997,1.7709999999999995,1.7356999999999994,1.7571999999999994,0
1992-02-27T00:00:00+00:00,1.7571999999999994,1.7796999999999994,1.7346999999999995,1.7371999999999996,0
1992-03-05T00:00:00+00:00,1.7371999999999996,1.7441999999999995,1.7138999999999995,1.7313999999999994,0
1992-03-12T00:00:00+00:00,1.7313999999999994,1.7449999999999994,1.7083999999999995,1.7319999999999993,0
1992-03-19T00:00:00+00:00,1.7319999999999993,1.7476999999999991,1.7059999999999993,1.7451999999999992,0
1992-03-26T00:00:00+00:00,1.7451999999999992,1.7609999999999995,1.7316999999999994,1.7426999999999995,0
1992-04-02T00:00:00+00:00,1.7426999999999995,1.7702999999999995,1.7356999999999994,1.7661999999999995,0
1992-04-09T00:00:00+00:00,1.7661999999999995,1.7965999999999995,1.7561999999999995,1.7710999999999997,0
1992-04-16T00:00:00+00:00,1.7710999999999997,1.7816999999999996,1.7562999999999995,1.7775999999999996,0
1992-04-23T00:00:00+00:00,1.7775999999999996,1.7967999999999997,1.7730999999999995,1.7872999999999997,0
1992-04-30T00:00:00+00:00,1.7872999999999997,1.8236999999999999,1.7817999999999996,1.8195999999999999,0
1992-05-07T00:00:00+00:00,1.8195999999999999,1.8561,1.8089000000000002,1.8535,0
1992-05-14T00:00:00+00:00,1.8535,1.8700999999999997,1.839,1.8563999999999998,0
1992-05-21T00:00:00+00:00,1.8563999999999998,1.8598999999999999,1.8201999999999998,1.8221999999999998,0
1992-05-28T00:00:00+00:00,1.8221999999999998,1.8635000000000002,1.8189,1.8381000000000003,0
1992-06-04T00:00:00+00:00,1.8381000000000003,1.8655000000000004,1.8369000000000002,1.8584000000000003,0
1992-06-11T00:00:00+00:00,1.8584000000000003,1.8913000000000002,1.8546000000000002,1.8784000000000003,0
1992-06-18T00:00:00+00:00,1.8784000000000003,1.9097000000000004,1.8696000000000004,1.9069000000000005,0
1992-06-25T00:00:00+00:00,1.9069000000000005,1.9457000000000009,1.9046000000000005,1.9340000000000008,0
1992-07-02T00:00:00+00:00,1.9340000000000008,1.9785000000000008,1.9226000000000008,1.9632000000000007,0
1992-07-09T00:00:00+00:00,1.9632000000000007,1.9690000000000005,1.9293000000000005,1.9569000000000005,0
1992-07-16T00:00:00+00:00,1.9569000000000005,1.9955000000000007,1.9284000000000008,1.9440000000000008,0
1992-07-23T00:00:00+00:00,1.9440000000000008,1.9617000000000009,1.927200000000001,1.9504000000000008,0
1992-07-30T00:00:00+00:00,1.9504000000000008,1.9627000000000008,1.9357000000000009,1.939200000000001,0
1992-08-06T00:00:00+00:00,1.939200000000001,1.9721000000000009,1.932600000000001,1.964700000000001,0
1992-08-13T00:00:00+00:00,1.964700000000001,1.9750000000000008,1.9474000000000007,1.9710000000000008,0
1992-08-20T00:00:00+00:00,1.9710000000000008,2.026500000000001,1.9654000000000007,2.010300000000001,0
1992-08-27T00:00:00+00:00,2.010300000000001,2.0357000000000003,1.997800000000001,2.0232,0
1992-09-03T00:00:00+00:00,2.0232,2.0347,1.9893999999999998,1.9959999999999998,0
1992-09-10T00:00:00+00:00,1.9959999999999998,2.0082999999999998,1.8454999999999997,1.8474999999999997,0
1992-09-17T00:00:00+00:00,1.8474999999999997,1.8709999999999998,1.7700999999999998,1.8022999999999998,0
1992-09-24T00:00:00+00:00,1.8022999999999998,1.8942999999999999,1.7815999999999999,1.8762999999999999,0
1992-10-01T00:00:00+00:00,1.8762999999999999,1.8762999999999999,1.7875,1.8006999999999997,0
1992-10-08T00:00:00+00:00,1.8006999999999997,1.8071999999999997,1.7643999999999997,1.7839999999999996,0
1992-10-15T00:00:00+00:00,1.7839999999999996,1.7911999999999995,1.7030999999999992,1.7090999999999992,0
1992-10-22T00:00:00+00:00,1.7090999999999992,1.7474999999999992,1.6717999999999993,1.6840999999999993,0
1992-10-29T00:00:00+00:00,1.6840999999999993,1.6863999999999992,1.636099999999999,1.6602999999999992,0
1992-11-05T00:00:00+00:00,1.6602999999999992,1.6672999999999993,1.6196999999999993,1.6379999999999995,0
1992-11-12T00:00:00+00:00,1.6379999999999995,1.6667999999999994,1.6267999999999991,1.641299999999999,0
1992-11-19T00:00:00+00:00,1.641299999999999,1.6545999999999992,1.623799999999999,1.6482999999999988,0
1992-11-26T00:00:00+00:00,1.6482999999999988,1.6699999999999988,1.6174999999999988,1.6677999999999988,0
1992-12-03T00:00:00+00:00,1.6677999999999988,1.7311999999999987,1.663099999999999,1.6884999999999988,0
1992-12-10T00:00:00+00:00,1.6884999999999988,1.7042999999999988,1.6646999999999987,1.695499999999999,0
1992-12-17T00:00:00+00:00,1.695499999999999,1.709299999999999,1.6405999999999992,1.646099999999999,0
1992-12-24T00:00:00+00:00,1.646099999999999,1.6575999999999989,1.624499999999999,1.6399999999999988,0
1992-12-31T00:00:00+00:00,1.6399999999999988,1.6995999999999991,1.624499999999999,1.6743999999999992,0
1993-01-07T00:00:00+00:00,1.6743999999999992,1.6875999999999995,1.6533999999999993,1.6753999999999993,0
1993-01-14T00:00:00+00:00,1.6753999999999993,1.6788999999999994,1.6532999999999993,1.6691999999999994,0
1993-01-21T00:00:00+00:00,1.6691999999999994,1.6894999999999996,1.6284999999999996,1.6302999999999996,0
1993-01-28T00:00:00+00:00,1.6302999999999996,1.6403999999999996,1.5484999999999995,1.5583999999999996,0
1993-02-04T00:00:00+00:00,1.5583999999999996,1.5797999999999994,1.5368999999999995,1.5430999999999995,0
1993-02-11T00:00:00+00:00,1.5430999999999995,1.5771999999999995,1.5260999999999996,1.5681999999999996,0
1993-02-18T00:00:00+00:00,1.5681999999999996,1.5824999999999996,1.5406999999999997,1.5455999999999996,0
1993-02-25T00:00:00+00:00,1.5455999999999996,1.5807999999999998,1.5337999999999998,1.5692999999999997,0
1993-03-04T00:00:00+00:00,1.5692999999999997,1.5807999999999995,1.5470999999999993,1.5542999999999993,0
1993-03-11T00:00:00+00:00,1.5542999999999993,1.5692999999999993,1.5454999999999994,1.5679999999999994,0
1993-03-18T00:00:00+00:00,1.5679999999999994,1.6161999999999994,1.5594999999999994,1.6058999999999997,0
1993-03-25T00:00:00+00:00,1.6058999999999997,1.6432,1.5980999999999996,1.6412,0
1993-04-01T00:00:00+00:00,1.6412,1.6695000000000002,1.6367,1.6436000000000002,0
1993-04-08T00:00:00+00:00,1.6436000000000002,1.6579000000000002,1.5275,1.5546,0
1993-04-15T00:00:00+00:00,1.5546,1.5616999999999999,1.5252,1.5484,0
1993-04-22T00:00:00+00:00,1.5484,1.5973999999999997,1.5387,1.5805999999999998,0
1993-04-29T00:00:00+00:00,1.5805999999999998,1.5886999999999998,1.5625999999999998,1.5779999999999998,0
1993-05-06T00:00:00+00:00,1.5779999999999998,1.5979999999999996,1.5292999999999997,1.5299999999999996,0
1993-05-13T00:00:00+00:00,1.5299999999999996,1.5527999999999995,1.5099999999999996,1.5424999999999995,0
1993-05-20T00:00:00+00:00,1.5424999999999995,1.5679999999999996,1.5214999999999996,1.5469999999999997,0
1993-05-27T00:00:00+00:00,1.5469999999999997,1.5707999999999995,1.5334999999999996,1.5334999999999996,0
1993-06-03T00:00:00+00:00,1.5334999999999996,1.5559999999999996,1.5064999999999995,1.5141999999999995,0
1993-06-10T00:00:00+00:00,1.5141999999999995,1.5394999999999996,1.4984999999999997,1.5056999999999996,0
1993-06-17T00:00:00+00:00,1.5056999999999996,1.5179999999999996,1.4674999999999996,1.4708999999999997,0
1993-06-24T00:00:00+00:00,1.4708999999999997,1.5184999999999995,1.4638999999999995,1.4904999999999997,0
1993-07-01T00:00:00+00:00,1.4904999999999997,1.5294999999999996,1.4868999999999997,1.4939999999999996,0
1993-07-08T00:00:00+00:00,1.4939999999999996,1.5109999999999997,1.4684999999999997,1.5029999999999997,0
1993-07-15T00:00:00+00:00,1.5029999999999997,1.5214999999999996,1.4704999999999997,1.5161999999999995,0
1993-07-22T00:00:00+00:00,1.5161999999999995,1.5234999999999996,1.4817999999999996,1.4951999999999996,0
1993-07-29T00:00:00+00:00,1.4951999999999996,1.5129999999999997,1.4718999999999995,1.5006999999999997,0
1993-08-05T00:00:00+00:00,1.5006999999999997,1.5041999999999995,1.4654999999999996,1.4719999999999995,0
1993-08-12T00:00:00+00:00,1.4719999999999995,1.5177999999999996,1.4504999999999997,1.5148999999999997,0
1993-08-19T00:00:00+00:00,1.5148999999999997,1.5224999999999995,1.4781999999999995,1.4819999999999995,0
1993-08-26T00:00:00+00:00,1.4819999999999995,1.5189999999999997,1.4809999999999997,1.5024999999999995,0
1993-09-02T00:00:00+00:00,1.5024999999999995,1.5479999999999996,1.4899999999999995,1.5424999999999995,0
1993-09-09T00:00:00+00:00,1.5424999999999995,1.5609999999999997,1.5309999999999997,1.5489999999999997,0
1993-09-16T00:00:00+00:00,1.5489999999999997,1.5564999999999996,1.5014999999999996,1.5169999999999997,0
1993-09-23T00:00:00+00:00,1.5169999999999997,1.5209999999999997,1.4919999999999995,1.5099999999999996,0
1993-09-30T00:00:00+00:00,1.5099999999999996,1.5299999999999996,1.4884999999999997,1.5254999999999996,0
1993-10-07T00:00:00+00:00,1.5254999999999996,1.5454999999999997,1.5084999999999995,1.5214999999999996,0
1993-10-14T00:00:00+00:00,1.5214999999999996,1.5389999999999997,1.4809999999999997,1.4939999999999996,0
1993-10-21T00:00:00+00:00,1.4939999999999996,1.5023999999999995,1.4699999999999995,1.4824999999999997,0
1993-10-28T00:00:00+00:00,1.4824999999999997,1.4974999999999996,1.4709999999999996,1.4829999999999997,0
1993-11-04T00:00:00+00:00,1.4829999999999997,1.4869999999999997,1.4637999999999995,1.4794999999999996,0
1993-11-11T00:00:00+00:00,1.4794999999999996,1.4974999999999996,1.4706999999999997,1.4789999999999996,0
1993-11-18T00:00:00+00:00,1.4789999999999996,1.4934999999999996,1.4692999999999996,1.4894999999999996,0
1993-11-25T00:00:00+00:00,1.4894999999999996,1.4897999999999996,1.4741999999999995,1.4779999999999995,0
1993-12-02T00:00:00+00:00,1.4779999999999995,1.5049999999999997,1.4769999999999996,1.4939999999999996,0
1993-12-09T00:00:00+00:00,1.4939999999999996,1.4999999999999996,1.4762999999999995,1.4784999999999997,0
1993-12-16T00:00:00+00:00,1.4784999999999997,1.4979999999999996,1.4784999999999997,1.4961999999999995,0
1993-12-23T00:00:00+00:00,1.4961999999999995,1.5104999999999995,1.4724999999999997,1.4789999999999996,0
1993-12-30T00:00:00+00:00,1.4789999999999996,1.4889999999999997,1.4741999999999995,1.4889999999999997,0
1994-01-06T00:00:00+00:00,1.4889999999999997,1.5039999999999996,1.4769999999999996,1.5034999999999996,0
1994-01-13T00:00:00+00:00,1.5034999999999996,1.5064999999999995,1.4874999999999996,1.4919999999999995,0
1994-01-20T00:00:00+00:00,1.4919999999999995,1.5014999999999996,1.4879999999999995,1.4944999999999997,0
1994-01-27T00:00:00+00:00,1.4944999999999997,1.5109999999999997,1.4911999999999996,1.4943999999999995,0
1994-02-03T00:00:00+00:00,1.4943999999999995,1.4989999999999997,1.4569999999999996,1.4619999999999995,0
1994-02-10T00:00:00+00:00,1.4619999999999995,1.4894999999999996,1.4544999999999997,1.4754999999999996,0
1994-02-17T00:00:00+00:00,1.4754999999999996,1.4862999999999995,1.4718999999999995,1.4789999999999996,0
1994-02-24T00:00:00+00:00,1.4789999999999996,1.4999999999999996,1.4718999999999995,1.4964999999999997,0
1994-03-03T00:00:00+00:00,1.4964999999999997,1.4980999999999995,1.4854999999999996,1.4974999999999996,0
1994-03-10T00:00:00+00:00,1.4974999999999996,1.5049999999999997,1.4846999999999997,1.4939999999999996,0
1994-03-17T00:00:00+00:00,1.4939999999999996,1.4984999999999997,1.4805999999999997,1.4959999999999996,0
1994-03-24T00:00:00+00:00,1.4959999999999996,1.5021999999999995,1.4734999999999996,1.4803999999999997,0
1994-03-31T00:00:00+00:00,1.4803999999999997,1.4914999999999996,1.4610999999999996,1.4676999999999996,0
1994-04-07T00:00:00+00:00,1.4676999999999996,1.4794999999999996,1.4659999999999995,1.4759999999999995,0
1994-04-14T00:00:00+00:00,1.4759999999999995,1.4944999999999997,1.4678999999999995,1.4939999999999996,0
1994-04-21T00:00:00+00:00,1.4939999999999996,1.5099999999999996,1.4846999999999997,1.5053999999999996,0
1994-04-28T00:00:00+00:00,1.5053999999999996,1.5220999999999996,1.4966999999999997,1.5005999999999997,0
1994-05-05T00:00:00+00:00,1.5005999999999997,1.5016999999999996,1.4854999999999996,1.4937999999999996,0
1994-05-12T00:00:00+00:00,1.4937999999999996,1.5109999999999997,1.4929999999999997,1.5081999999999995,0
1994-05-19T00:00:00+00:00,1.5081999999999995,1.5134999999999996,1.5025999999999997,1.5087999999999997,0
1994-05-26T00:00:00+00:00,1.5087999999999997,1.5194999999999996,1.5049999999999997,1.5163999999999995,0
1994-06-02T00:00:00+00:00,1.5163999999999995,1.5184999999999995,1.5019999999999996,1.5105999999999997,0
1994-06-09T00:00:00+00:00,1.5105999999999997,1.5239999999999996,1.5042999999999995,1.5212999999999997,0
1994-06-16T00:00:00+00:00,1.5212999999999997,1.5464999999999995,1.5158999999999996,1.5296999999999996,0
1994-06-23T00:00:00+00:00,1.5296999999999996,1.5589999999999997,1.5279999999999996,1.5462999999999996,0
1994-06-30T00:00:00+00:00,1.5462999999999996,1.5524999999999995,1.5294999999999996,1.5437999999999996,0
1994-07-07T00:00:00+00:00,1.5437999999999996,1.5754999999999997,1.5344999999999995,1.5634999999999997,0
1994-07-14T00:00:00+00:00,1.5634999999999997,1.5681999999999996,1.5401999999999996,1.5431999999999997,0
1994-07-21T00:00:00+00:00,1.5431999999999997,1.5507999999999995,1.5194999999999996,1.5319999999999996,0
1994-07-28T00:00:00+00:00,1.5319999999999996,1.5494999999999997,1.5244999999999995,1.5409999999999997,0
1994-08-04T00:00:00+00:00,1.5409999999999997,1.5466999999999995,1.5331999999999997,1.5366999999999995,0
1994-08-11T00:00:00+00:00,1.5366999999999995,1.5540999999999996,1.5299999999999996,1.5416999999999996,0
1994-08-18T00:00:00+00:00,1.5416999999999996,1.5574999999999997,1.5403999999999995,1.5516999999999996,0
1994-08-25T00:00:00+00:00,1.5516999999999996,1.5597999999999996,1.5254999999999996,1.5334999999999996,0
1994-09-01T00:00:00+00:00,1.5334999999999996,1.5556999999999996,1.5324999999999995,1.5436999999999996,0
1994-09-08T00:00:00+00:00,1.5436999999999996,1.5727999999999995,1.5394999999999996,1.5654999999999997,0
1994-09-15T00:00:00+00:00,1.5654999999999997,1.5863999999999996,1.5604999999999996,1.5759999999999996,0
1994-09-22T00:00:00+00:00,1.5759999999999996,1.5820999999999996,1.5684999999999996,1.5734999999999997,0
1994-09-29T00:00:00+00:00,1.5734999999999997,1.5879999999999996,1.5729999999999995,1.5834999999999997,0
1994-10-06T00:00:00+00:00,1.5834999999999997,1.5949999999999995,1.5763999999999996,1.5814999999999997,0
1994-10-13T00:00:00+00:00,1.5814999999999997,1.6226999999999996,1.5785999999999996,1.6220999999999997,0
1994-10-20T00:00:00+00:00,1.6220999999999997,1.6399999999999997,1.6169999999999995,1.6357999999999997,0
1994-10-27T00:00:00+00:00,1.6357999999999997,1.6436999999999997,1.6157999999999997,1.6199999999999997,0
1994-11-03T00:00:00+00:00,1.6199999999999997,1.6259999999999997,1.6012999999999995,1.6049999999999995,0
1994-11-10T00:00:00+00:00,1.6049999999999995,1.6083999999999996,1.5641999999999996,1.5724999999999996,0
1994-11-17T00:00:00+00:00,1.5724999999999996,1.5771999999999997,1.5636999999999996,1.5679999999999996,0
1994-11-24T00:00:00+00:00,1.5679999999999996,1.5693999999999997,1.5590999999999997,1.5644999999999996,0
1994-12-01T00:00:00+00:00,1.5644999999999996,1.5711999999999997,1.5541999999999996,1.5669999999999995,0
1994-12-08T00:00:00+00:00,1.5669999999999995,1.5679999999999996,1.5563999999999996,1.5624999999999996,0
1994-12-15T00:00:00+00:00,1.5624999999999996,1.5637999999999996,1.5384999999999995,1.5384999999999995,0
1994-12-22T00:00:00+00:00,1.5384999999999995,1.5754999999999997,1.5384999999999995,1.5684999999999996,0
1994-12-29T00:00:00+00:00,1.5684999999999996,1.5699999999999996,1.5511999999999997,1.5594999999999997,0
1995-01-05T00:00:00+00:00,1.5594999999999997,1.5649999999999995,1.5479999999999996,1.5584999999999996,0
1995-01-12T00:00:00+00:00,1.5584999999999996,1.5756999999999997,1.5567999999999995,1.5684999999999996,0
1995-01-19T00:00:00+00:00,1.5684999999999996,1.6013999999999997,1.5674999999999997,1.5909999999999995,0
1995-01-26T00:00:00+00:00,1.5909999999999995,1.5972999999999997,1.5772999999999997,1.5824999999999996,0
1995-02-02T00:00:00+00:00,1.5824999999999996,1.5850999999999995,1.5496999999999996,1.5529999999999997,0
1995-02-09T00:00:00+00:00,1.5529999999999997,1.5649999999999995,1.5517999999999996,1.5599999999999996,0
1995-02-16T00:00:00+00:00,1.5599999999999996,1.5912999999999997,1.5589999999999997,1.5854999999999997,0
1995-02-23T00:00:00+00:00,1.5854999999999997,1.5959999999999996,1.5753999999999997,1.5869999999999995,0
1995-03-02T00:00:00+00:00,1.5869999999999995,1.6569999999999996,1.5862999999999996,1.6094999999999997,0
1995-03-09T00:00:00+00:00,1.6094999999999997,1.6231999999999995,1.5639999999999996,1.5984999999999996,0
1995-03-16T00:00:00+00:00,1.5984999999999996,1.6011999999999995,1.5704999999999996,1.5865999999999996,0
1995-03-23T00:00:00+00:00,1.5865999999999996,1.6174999999999997,1.5839999999999996,1.6074999999999997,0
1995-03-30T00:00:00+00:00,1.6074999999999997,1.6304999999999996,1.5927999999999995,1.6069999999999995,0
1995-04-06T00:00:00+00:00,1.6069999999999995,1.6254999999999995,1.5859999999999996,1.5899999999999996,0
1995-04-13T00:00:00+00:00,1.5899999999999996,1.6249999999999996,1.5899999999999996,1.6104999999999996,0
1995-04-20T00:00:00+00:00,1.6104999999999996,1.6214999999999997,1.5949999999999995,1.6149999999999995,0
1995-04-27T00:00:00+00:00,1.6149999999999995,1.6197999999999997,1.6071999999999995,1.6133999999999995,0
1995-05-04T00:00:00+00:00,1.6133999999999995,1.6230999999999995,1.5792999999999997,1.5835999999999997,0
1995-05-11T00:00:00+00:00,1.5835999999999997,1.5864999999999996,1.5470999999999997,1.5686999999999995,0
1995-05-18T00:00:00+00:00,1.5686999999999995,1.5804999999999996,1.5604999999999996,1.5734999999999997,0
1995-05-25T00:00:00+00:00,1.5734999999999997,1.6205999999999996,1.5723999999999996,1.5854999999999997,0
1995-06-01T00:00:00+00:00,1.5854999999999997,1.6089999999999995,1.5796999999999997,1.5884999999999996,0
1995-06-08T00:00:00+00:00,1.5884999999999996,1.6151999999999995,1.5849999999999995,1.6122999999999996,0
1995-06-15T00:00:00+00:00,1.6122999999999996,1.6159999999999997,1.5925999999999996,1.6105999999999996,0
1995-06-22T00:00:00+00:00,1.6105999999999996,1.6114999999999997,1.5699999999999996,1.5762999999999996,0
1995-06-29T00:00:00+00:00,1.5762999999999996,1.6037999999999997,1.5740999999999996,1.5948999999999995,0
1995-07-06T00:00:00+00:00,1.5948999999999995,1.6044999999999996,1.5849999999999995,1.5947999999999996,0
1995-07-13T00:00:00+00:00,1.5947999999999996,1.6051999999999995,1.5869999999999995,1.5960999999999996,0
1995-07-20T00:00:00+00:00,1.5960999999999996,1.5998999999999997,1.5866999999999996,1.5938999999999997,0
1995-07-27T00:00:00+00:00,1.5938999999999997,1.6109999999999995,1.5906999999999996,1.5983999999999996,0
1995-08-03T00:00:00+00:00,1.5983999999999996,1.6094999999999997,1.5948999999999995,1.5985999999999996,0
1995-08-10T00:00:00+00:00,1.5985999999999996,1.6006999999999996,1.5384999999999995,1.5424999999999995,0
1995-08-17T00:00:00+00:00,1.5424999999999995,1.5547999999999995,1.5296999999999996,1.5444999999999995,0
1995-08-24T00:00:00+00:00,1.5444999999999995,1.5552999999999997,1.5359999999999996,1.5447999999999995,0
1995-08-31T00:00:00+00:00,1.5447999999999995,1.5606999999999995,1.5414999999999996,1.5496999999999996,0
1995-09-07T00:00:00+00:00,1.5496999999999996,1.5575999999999997,1.5432999999999997,1.5497999999999996,0
1995-09-14T00:00:00+00:00,1.5497999999999996,1.5541999999999996,1.5419999999999996,1.5516999999999996,0
1995-09-21T00:00:00+00:00,1.5516999999999996,1.5979999999999996,1.5492999999999997,1.5750999999999995,0
1995-09-28T00:00:00+00:00,1.5750999999999995,1.5943999999999996,1.5718999999999996,1.5815999999999997,0
1995-10-05T00:00:00+00:00,1.5815999999999997,1.5927999999999995,1.5700999999999996,1.5722999999999996,0
1995-10-12T00:00:00+00:00,1.5722999999999996,1.5794999999999997,1.5665999999999995,1.5675999999999997,0
1995-10-19T00:00:00+00:00,1.5675999999999997,1.5836999999999997,1.5672999999999997,1.5776999999999997,0
1995-10-26T00:00:00+00:00,1.5776999999999997,1.5865999999999996,1.5702999999999996,1.5774999999999997,0
1995-11-02T00:00:00+00:00,1.5774999999999997,1.5855999999999997,1.5747999999999995,1.5789999999999995,0
1995-11-09T00:00:00+00:00,1.5789999999999995,1.5835999999999997,1.5491999999999997,1.5596999999999996,0
1995-11-16T00:00:00+00:00,1.5596999999999996,1.5649999999999995,1.5377999999999996,1.5626999999999995,0
1995-11-23T00:00:00+00:00,1.5626999999999995,1.5651999999999997,1.5247999999999997,1.5337999999999996,0
1995-11-30T00:00:00+00:00,1.5337999999999996,1.5471999999999997,1.5258999999999996,1.5437999999999996,0
1995-12-07T00:00:00+00:00,1.5437999999999996,1.5439999999999996,1.5211999999999997,1.5340999999999996,0
1995-12-14T00:00:00+00:00,1.5340999999999996,1.5464999999999995,1.5317999999999996,1.5404999999999995,0
1995-12-21T00:00:00+00:00,1.5404999999999995,1.5621,1.5358999999999996,1.5592,0
1995-12-28T00:00:00+00:00,1.5592,1.5623,1.5374,1.5508,0
1996-01-04T00:00:00+00:00,1.5508,1.5554,1.5424,1.5455,0
1996-01-11T00:00:00+00:00,1.5455,1.5504,1.5193,1.5252999999999999,0
1996-01-18T00:00:00+00:00,1.5252999999999999,1.529,1.503,1.5116,0
1996-01-25T00:00:00+00:00,1.5116,1.5185,1.4976,1.5146,0
1996-02-01T00:00:00+00:00,1.5146,1.5453,1.5121,1.5372999999999999,0
1996-02-08T00:00:00+00:00,1.5372999999999999,1.5446,1.5256,1.5418,0
1996-02-15T00:00:00+00:00,1.5418,1.555,1.5351,1.5436,0
1996-02-22T00:00:00+00:00,1.5436,1.5481,1.5298,1.5331,0
1996-02-29T00:00:00+00:00,1.5331,1.5341,1.5244,1.5276,0
1996-03-07T00:00:00+00:00,1.5276,1.5323,1.5158,1.5229,0
1996-03-14T00:00:00+00:00,1.5229,1.5396,1.5222,1.5384,0
1996-03-21T00:00:00+00:00,1.5384,1.5402,1.5179,1.5191999999999999,0
1996-03-28T00:00:00+00:00,1.5191999999999999,1.5295,1.5171,1.5248,0
1996-04-04T00:00:00+00:00,1.5248,1.5328,1.5050999999999999,1.515,0
1996-04-11T00:00:00+00:00,1.515,1.516,1.5050999999999999,1.5106,0
1996-04-18T00:00:00+00:00,1.5106,1.5239,1.5064,1.516,0
1996-04-25T00:00:00+00:00,1.516,1.5161,1.4894,1.4932,0
1996-05-02T00:00:00+00:00,1.4932,1.5266,1.4906,1.5244,0
1996-05-09T00:00:00+00:00,1.5244,1.5292,1.5110999999999999,1.5139,0
1996-05-16T00:00:00+00:00,1.5139,1.5167,1.508,1.5088,0
1996-05-23T00:00:00+00:00,1.5088,1.5326,1.5073,1.5325,0
1996-05-30T00:00:00+00:00,1.5325,1.5567,1.5298,1.5489,0
1996-06-06T00:00:00+00:00,1.5489,1.5497,1.5306,1.5366,0
1996-06-13T00:00:00+00:00,1.5366,1.5497,1.5283,1.5439,0
1996-06-20T00:00:00+00:00,1.5439,1.5444,1.5304,1.5409,0
1996-06-27T00:00:00+00:00,1.5409,1.5646,1.5401,1.5638,0
1996-07-04T00:00:00+00:00,1.5638,1.564,1.5476,1.5525,0
1996-07-11T00:00:00+00:00,1.5525,1.5675,1.5426,1.5473999999999999,0
1996-07-18T00:00:00+00:00,1.5473999999999999,1.557,1.5376,1.5527,0
1996-07-25T00:00:00+00:00,1.5527,1.5613,1.552,1.5574,0
1996-08-01T00:00:00+00:00,1.5574,1.5589,1.5349,1.5427,0
1996-08-08T00:00:00+00:00,1.5427,1.5542,1.5417,1.5495,0
1996-08-15T00:00:00+00:00,1.5495,1.5532,1.5426,1.5508,0
1996-08-22T00:00:00+00:00,1.5508,1.5606,1.5471,1.5592,0
1996-08-29T00:00:00+00:00,1.5592,1.5695999999999999,1.5554999999999999,1.5675999999999999,0
1996-09-05T00:00:00+00:00,1.5675999999999999,1.5718,1.5528,1.5552,0
1996-09-12T00:00:00+00:00,1.5552,1.5632,1.551,1.5606,0
1996-09-19T00:00:00+00:00,1.5606,1.5681,1.5495,1.5617,0
1996-09-26T00:00:00+00:00,1.5617,1.5701,1.5568,1.5655999999999999,0
1996-10-03T00:00:00+00:00,1.5655999999999999,1.567,1.5613,1.5657,0
1996-10-10T00:00:00+00:00,1.5657,1.5897999999999999,1.563,1.5839,0
1996-10-17T00:00:00+00:00,1.5839,1.6009,1.5813,1.5969,0
1996-10-24T00:00:00+00:00,1.5969,1.6349,1.5894,1.6331,0
1996-10-31T00:00:00+00:00,1.6331,1.6561,1.6243,1.6418,0
1996-11-07T00:00:00+00:00,1.6418,1.6634,1.6397,1.6611,0
1996-11-14T00:00:00+00:00,1.6611,1.6819,1.6596,1.681,0
1996-11-21T00:00:00+00:00,1.681,1.6909,1.6657,1.6784,0
1996-11-28T00:00:00+00:00,1.6784,1.6876,1.6345,1.6451,0
1996-12-05T00:00:00+00:00,1.6451,1.6606,1.6106,1.6542999999999999,0
1996-12-12T00:00:00+00:00,1.6542999999999999,1.6755,1.6465,1.6748,0
1996-12-19T00:00:00+00:00,1.6748,1.6786,1.6557,1.6746,0
1996-12-26T00:00:00+00:00,1.6746,1.7167999999999999,1.6706,1.7106999999999999,0
1997-01-02T00:00:00+00:00,1.7106999999999999,1.7133,1.6796,1.6882,0
1997-01-09T00:00:00+00:00,1.6882,1.7021,1.6654,1.6831,0
1997-01-16T00:00:00+00:00,1.6831,1.684,1.6299,1.6360999999999999,0
1997-01-23T00:00:00+00:00,1.6360999999999999,1.6381,1.6042,1.6174,0
1997-01-30T00:00:00+00:00,1.6174,1.6454,1.5955,1.6439,0
1997-02-06T00:00:00+00:00,1.6439,1.6464,1.6215,1.6324,0
1997-02-13T00:00:00+00:00,1.6324,1.6363,1.599,1.6166,0
1997-02-20T00:00:00+00:00,1.6166,1.6419,1.6057,1.6340999999999999,0
1997-02-27T00:00:00+00:00,1.6340999999999999,1.635,1.6078,1.6146,0
1997-03-06T00:00:00+00:00,1.6146,1.6164,1.5887,1.5985,0
1997-03-13T00:00:00+00:00,1.5985,1.6061,1.5856999999999999,1.5984,0
1997-03-20T00:00:00+00:00,1.5984,1.6308,1.5893,1.6295,0
1997-03-27T00:00:00+00:00,1.6295,1.655,1.6257,1.6429,0
1997-04-03T00:00:00+00:00,1.6429,1.6475,1.6176,1.6201,0
1997-04-10T00:00:00+00:00,1.6201,1.6328,1.6192,1.6252,0
1997-04-17T00:00:00+00:00,1.6252,1.6397,1.6199,1.6235,0
1997-04-24T00:00:00+00:00,1.6235,1.6342,1.6171,1.6243,0
1997-05-01T00:00:00+00:00,1.6243,1.6401,1.6091,1.6152,0
1997-05-08T00:00:00+00:00,1.6152,1.6481999999999999,1.6117,1.6473,0
1997-05-15T00:00:00+00:00,1.6473,1.6605,1.6326,1.6479,0
1997-05-22T00:00:00+00:00,1.6479,1.6491,1.6231,1.6403,0
1997-05-29T00:00:00+00:00,1.6403,1.6435,1.6251,1.6335,0
1997-06-05T00:00:00+00:00,1.6335,1.6433,1.6201,1.6376,0
1997-06-12T00:00:00+00:00,1.6376,1.6427,1.6283,1.6383,0
1997-06-19T00:00:00+00:00,1.6383,1.6731,1.6376,1.6636,0
1997-06-26T00:00:00+00:00,1.6636,1.6791,1.6501,1.6763,0
1997-07-03T00:00:00+00:00,1.6763,1.6962,1.6711,1.6873,0
1997-07-10T00:00:00+00:00,1.6873,1.6987,1.6686,1.6781,0
1997-07-17T00:00:00+00:00,1.6781,1.6863,1.6649,1.6798,0
1997-07-24T00:00:00+00:00,1.6798,1.6798,1.6211,1.6308,0
1997-07-31T00:00:00+00:00,1.6308,1.646,1.5917999999999999,1.6041,0
1997-08-07T00:00:00+00:00,1.6041,1.6084,1.5674,1.5841,0
1997-08-14T00:00:00+00:00,1.5841,1.6156,1.5782,1.5923,0
1997-08-21T00:00:00+00:00,1.5923,1.6239999999999999,1.5853,1.6118999999999999,0
1997-08-28T00:00:00+00:00,1.6118999999999999,1.6252,1.5825,1.5864,0
1997-09-04T00:00:00+00:00,1.5864,1.5957999999999999,1.5776999999999999,1.5869,0
1997-09-11T00:00:00+00:00,1.5869,1.6122,1.5846,1.5997,0
1997-09-18T00:00:00+00:00,1.5997,1.6182,1.5962,1.613,0
1997-09-25T00:00:00+00:00,1.613,1.6342,1.5983,1.6133,0
1997-10-02T00:00:00+00:00,1.6133,1.6276,1.599,1.6221,0
1997-10-09T00:00:00+00:00,1.6221,1.6306,1.6156,1.6241,0
1997-10-16T00:00:00+00:00,1.6241,1.64,1.6122,1.6314,0
1997-10-23T00:00:00+00:00,1.6314,1.6753,1.6264,1.6696,0
1997-10-30T00:00:00+00:00,1.6696,1.6878,1.6626,1.6803,0
1997-11-06T00:00:00+00:00,1.6803,1.7147999999999999,1.6729,1.7043,0
1997-11-13T00:00:00+00:00,1.7043,1.7054,1.6848,1.6896,0
1997-11-20T00:00:00+00:00,1.6896,1.6994,1.6694,1.6728,0
1997-11-27T00:00:00+00:00,1.6728,1.6908,1.6675,1.6833,0
1997-12-04T00:00:00+00:00,1.6833,1.685,1.6436,1.6506,0
1997-12-11T00:00:00+00:00,1.6506,1.6654,1.6276,1.6516,0
1997-12-18T00:00:00+00:00,1.6516,1.6761,1.6483,1.6698,0
1997-12-25T00:00:00+00:00,1.6698,1.6796,1.6406,1.6524,0
1998-01-01T00:00:00+00:00,1.6524,1.658,1.6184,1.6256,0
1998-01-08T00:00:00+00:00,1.6256,1.6398,1.6097,1.6294,0
1998-01-15T00:00:00+00:00,1.6294,1.6441999999999999,1.6206,1.6333,0
1998-01-22T00:00:00+00:00,1.6333,1.6866,1.6295,1.6386,0
1998-01-29T00:00:00+00:00,1.6386,1.6605,1.6252,1.6564,0
1998-02-05T00:00:00+00:00,1.6564,1.6596,1.6211,1.6317,0
1998-02-12T00:00:00+00:00,1.6317,1.6446,1.6264,1.6386,0
1998-02-19T00:00:00+00:00,1.6386,1.6521,1.6316,1.6429,0
1998-02-26T00:00:00+00:00,1.6429,1.6626,1.6366,1.6489,0
1998-03-05T00:00:00+00:00,1.6489,1.6519,1.6306,1.6496,0
1998-03-12T00:00:00+00:00,1.6496,1.6796,1.6466,1.6701,0
1998-03-19T00:00:00+00:00,1.6701,1.6824,1.6602,1.6751,0
1998-03-26T00:00:00+00:00,1.6751,1.6903,1.6676,1.6689,0
1998-04-02T00:00:00+00:00,1.6689,1.6781,1.6547,1.6746,0
1998-04-09T00:00:00+00:00,1.6746,1.6892,1.6649,1.6839,0
1998-04-16T00:00:00+00:00,1.6839,1.6978,1.6679,1.6723,0
1998-04-23T00:00:00+00:00,1.6723,1.6781,1.6586,1.6716,0
1998-04-30T00:00:00+00:00,1.6716,1.6762,1.6569,1.6606,0
1998-05-07T00:00:00+00:00,1.6606,1.6629,1.6288,1.6329,0
1998-05-14T00:00:00+00:00,1.6329,1.6358,1.6158,1.6335,0
1998-05-21T00:00:00+00:00,1.6335,1.6428,1.6256,1.6308,0
1998-05-28T00:00:00+00:00,1.6308,1.6427,1.621,1.6399,0
1998-06-04T00:00:00+00:00,1.6399,1.6489,1.6253,1.6286,0
1998-06-11T00:00:00+00:00,1.6286,1.6703999999999999,1.6260999999999999,1.6696,0
1998-06-18T00:00:00+00:00,1.6696,1.6789,1.6614,1.6682,0
1998-06-25T00:00:00+00:00,1.6682,1.6754,1.6568,1.6594,0
1998-07-02T00:00:00+00:00,1.6594,1.6635,1.6340999999999999,1.6381,0
1998-07-09T00:00:00+00:00,1.6381,1.645,1.6258,1.6358,0
1998-07-16T00:00:00+00:00,1.6358,1.6508,1.6336,1.6444,0
1998-07-23T00:00:00+00:00,1.6444,1.6619,1.6372,1.6429,0
1998-07-30T00:00:00+00:00,1.6429,1.6466,1.6213,1.6340999999999999,0
1998-08-06T00:00:00+00:00,1.6340999999999999,1.6392,1.6253,1.6253,0
1998-08-13T00:00:00+00:00,1.6253,1.6306,1.6081,1.6224,0
1998-08-20T00:00:00+00:00,1.6224,1.6432,1.6211,1.6388,0
1998-08-27T00:00:00+00:00,1.6388,1.6879,1.6381,1.6696,0
1998-09-03T00:00:00+00:00,1.6696,1.69,1.6516,1.6706,0
1998-09-10T00:00:00+00:00,1.6706,1.6956,1.668,1.6791,0
1998-09-17T00:00:00+00:00,1.6791,1.694,1.6711,1.6854,0
1998-09-24T00:00:00+00:00,1.6854,1.7146,1.6774,1.7003,0
1998-10-01T00:00:00+00:00,1.7003,1.7122,1.6766,1.7002,0
1998-10-08T00:00:00+00:00,1.7002,1.7346,1.6866,1.7083,0
1998-10-15T00:00:00+00:00,1.7083,1.7124,1.691,1.6975,0
1998-10-22T00:00:00+00:00,1.6975,1.6991,1.6626,1.6758,0
1998-10-29T00:00:00+00:00,1.6758,1.6848,1.6511,1.6604,0
1998-11-05T00:00:00+00:00,1.6604,1.6671,1.6494,1.6616,0
1998-11-12T00:00:00+00:00,1.6616,1.6803,1.6517,1.6676,0
1998-11-19T00:00:00+00:00,1.6676,1.6723,1.6446,1.66,0
1998-11-26T00:00:00+00:00,1.66,1.6691,1.6434,1.6668,0
1998-12-03T00:00:00+00:00,1.6668,1.6732,1.6466,1.6553,0
1998-12-10T00:00:00+00:00,1.6553,1.6945999999999999,1.6548,1.6701,0
1998-12-17T00:00:00+00:00,1.6701,1.6868,1.6679,1.6786,0
1998-12-24T00:00:00+00:00,1.6786,1.6856,1.6599,1.6601,0
1998-12-31T00:00:00+00:00,1.6601,1.6749,1.6502999999999999,1.6538,0
1999-01-07T00:00:00+00:00,1.6538,1.6608,1.6234,1.6501,0
1999-01-14T00:00:00+00:00,1.6501,1.6647,1.6441,1.6473,0
1999-01-21T00:00:00+00:00,1.6473,1.6629,1.6421,1.6479,0
1999-01-28T00:00:00+00:00,1.6479,1.6511,1.6333,1.6365,0
1999-02-04T00:00:00+00:00,1.6365,1.6459,1.6244,1.6254,0
1999-02-11T00:00:00+00:00,1.6254,1.6396,1.6189,1.6345,0
1999-02-18T00:00:00+00:00,1.6345,1.6387,1.594,1.5971,0
1999-02-25T00:00:00+00:00,1.5971,1.6223,1.5953,1.6128,0
1999-03-04T00:00:00+00:00,1.6128,1.6292,1.6006,1.6266,0
1999-03-11T00:00:00+00:00,1.6266,1.6428,1.6176,1.6304,0
1999-03-18T00:00:00+00:00,1.6304,1.6481,1.6219,1.6345,0
1999-03-25T00:00:00+00:00,1.6345,1.6391,1.6069,1.6124,0
1999-04-01T00:00:00+00:00,1.6124,1.6143,1.5843,1.5957999999999999,0
1999-04-08T00:00:00+00:00,1.5957999999999999,1.6212,1.5931,1.6118999999999999,0
1999-04-15T00:00:00+00:00,1.6118999999999999,1.6239999999999999,1.6031,1.6053,0
1999-04-22T00:00:00+00:00,1.6053,1.6228,1.6033,1.6134,0
1999-04-29T00:00:00+00:00,1.6134,1.6389,1.6064,1.6358,0
1999-05-06T00:00:00+00:00,1.6358,1.6435,1.6155,1.6178,0
1999-05-13T00:00:00+00:00,1.6178,1.6256,1.6135,1.6169,0
1999-05-20T00:00:00+00:00,1.6169,1.6223,1.593,1.5936,0
1999-05-27T00:00:00+00:00,1.5936,1.6142,1.5885,1.6041,0
1999-06-03T00:00:00+00:00,1.6041,1.6118999999999999,1.5985,1.6018999999999999,0
1999-06-10T00:00:00+00:00,1.6018999999999999,1.6179999999999999,1.5855,1.5884,0
1999-06-17T00:00:00+00:00,1.5884,1.5999,1.5756999999999999,1.581,0
1999-06-24T00:00:00+00:00,1.581,1.5941,1.5724,1.5782,0
1999-07-01T00:00:00+00:00,1.5782,1.5824,1.5552,1.5574,0
1999-07-08T00:00:00+00:00,1.5574,1.5649,1.5478,1.5642,0
1999-07-15T00:00:00+00:00,1.5642,1.5827,1.5573,1.5781,0
1999-07-22T00:00:00+00:00,1.5781,1.5992,1.5743,1.5976,0
1999-07-29T00:00:00+00:00,1.5976,1.6280999999999999,1.5964,1.6199999999999999,0
1999-08-05T00:00:00+00:00,1.6199999999999999,1.6218,1.6015,1.6126,0
1999-08-12T00:00:00+00:00,1.6126,1.615,1.5955,1.6037,0
1999-08-19T00:00:00+00:00,1.6037,1.6219999999999999,1.5842,1.5855,0
1999-08-26T00:00:00+00:00,1.5855,1.6124,1.5844,1.604,0
1999-09-02T00:00:00+00:00,1.604,1.6257,1.5985,1.6199999999999999,0
1999-09-09T00:00:00+00:00,1.6199999999999999,1.6373,1.599,1.6139,0
1999-09-16T00:00:00+00:00,1.6139,1.6409,1.6121,1.6296,0
1999-09-23T00:00:00+00:00,1.6296,1.6515,1.6292,1.6446,0
1999-09-30T00:00:00+00:00,1.6446,1.6605,1.6436,1.6567,0
1999-10-07T00:00:00+00:00,1.6567,1.6592,1.6473,1.656,0
1999-10-14T00:00:00+00:00,1.656,1.6745,1.6527,1.6642,0
1999-10-21T00:00:00+00:00,1.6642,1.6793,1.6424,1.6464,0
1999-10-28T00:00:00+00:00,1.6464,1.6519,1.6332,1.6435,0
1999-11-04T00:00:00+00:00,1.6435,1.6473,1.6148,1.6286,0
1999-11-11T00:00:00+00:00,1.6286,1.6292,1.6109,1.6241,0
1999-11-18T00:00:00+00:00,1.6241,1.629,1.6063,1.61,0
1999-11-25T00:00:00+00:00,1.61,1.6183,1.5917999999999999,1.6004,0
1999-12-02T00:00:00+00:00,1.6004,1.6313,1.5969,1.6280999999999999,0
1999-12-09T00:00:00+00:00,1.6280999999999999,1.6289,1.6029,1.6064,0
1999-12-16T00:00:00+00:00,1.6064,1.6196,1.6001,1.6092,0
1999-12-23T00:00:00+00:00,1.6092,1.6231,1.6074,1.6197,0
1999-12-30T00:00:00+00:00,1.6197,1.6452,1.6114,1.6419,0
2000-01-06T00:00:00+00:00,1.6419,1.651,1.6336,1.6472,0
2000-01-13T00:00:00+00:00,1.6472,1.65,1.63,1.6444,0
2000-01-20T00:00:00+00:00,1.6444,1.6578,1.6357,1.6401,0
2000-01-27T00:00:00+00:00,1.6401,1.6401,1.6032,1.6085,0
2000-02-03T00:00:00+00:00,1.6085,1.6174,1.5836,1.6164,0
2000-02-10T00:00:00+00:00,1.6164,1.6173,1.5852,1.6072,0
2000-02-17T00:00:00+00:00,1.6072,1.6194,1.5956,1.6043,0
2000-02-24T00:00:00+00:00,1.6043,1.6061,1.5756999999999999,1.585,0
2000-03-02T00:00:00+00:00,1.585,1.5887,1.5697,1.5827,0
2000-03-09T00:00:00+00:00,1.5827,1.5848,1.5683,1.5734,0
2000-03-16T00:00:00+00:00,1.5734,1.5807,1.562,1.5807,0
2000-03-23T00:00:00+00:00,1.5807,1.6006,1.5755,1.5942,0
2000-03-30T00:00:00+00:00,1.5942,1.6078,1.5829,1.5848,0
2000-04-06T00:00:00+00:00,1.5848,1.5894,1.5771,1.5888,0
2000-04-13T00:00:00+00:00,1.5888,1.593,1.5749,1.5826,0
2000-04-20T00:00:00+00:00,1.5826,1.5827,1.5734,1.5765,0
2000-04-27T00:00:00+00:00,1.5765,1.5807,1.5506,1.5617,0
2000-05-04T00:00:00+00:00,1.5617,1.5627,1.5073,1.5097,0
2000-05-11T00:00:00+00:00,1.5097,1.5231,1.4891,1.4965,0
2000-05-18T00:00:00+00:00,1.4965,1.4967,1.4686,1.4735,0
2000-05-25T00:00:00+00:00,1.4735,1.5043,1.4667999999999999,1.5009,0
2000-06-01T00:00:00+00:00,1.5009,1.5314,1.4899,1.5215,0
2000-06-08T00:00:00+00:00,1.5215,1.5236,1.4982,1.4993,0
2000-06-15T00:00:00+00:00,1.4993,1.52,1.4948,1.4993,0
2000-06-22T00:00:00+00:00,1.4993,1.5157,1.4937,1.5133,0
2000-06-29T00:00:00+00:00,1.5133,1.5209,1.507,1.507,0
2000-07-06T00:00:00+00:00,1.507,1.5194,1.5048,1.5065,0
2000-07-13T00:00:00+00:00,1.5065,1.5074,1.4909,1.4972,0
2000-07-20T00:00:00+00:00,1.4972,1.5218,1.4915,1.5158,0
2000-07-27T00:00:00+00:00,1.5158,1.5173,1.4872,1.4953,0
2000-08-03T00:00:00+00:00,1.4953,1.5144,1.4833,1.5029,0
2000-08-10T00:00:00+00:00,1.5029,1.5142,1.4953,1.5003,0
2000-08-17T00:00:00+00:00,1.5003,1.5017,1.4766,1.4857,0
2000-08-24T00:00:00+00:00,1.4857,1.4865,1.4424,1.4593,0
2000-08-31T00:00:00+00:00,1.4593,1.4659,1.4367,1.4375,0
2000-09-07T00:00:00+00:00,1.4375,1.4409,1.3955,1.4097,0
2000-09-14T00:00:00+00:00,1.4097,1.4193,1.3963,1.4117,0
2000-09-21T00:00:00+00:00,1.4117,1.4749,1.4096,1.4641,0
2000-09-28T00:00:00+00:00,1.4641,1.4807,1.4528,1.4582,0
2000-10-05T00:00:00+00:00,1.4582,1.4659,1.4425,1.4609,0
2000-10-12T00:00:00+00:00,1.4609,1.48,1.4347,1.4441,0
2000-10-19T00:00:00+00:00,1.4441,1.458,1.4309,1.4318,0
2000-10-26T00:00:00+00:00,1.4318,1.4671,1.4197,1.4517,0
2000-11-02T00:00:00+00:00,1.4517,1.4555,1.4187,1.4233,0
2000-11-09T00:00:00+00:00,1.4233,1.4425,1.4134,1.4269,0
2000-11-16T00:00:00+00:00,1.4269,1.4294,1.4059,1.4073,0
2000-11-23T00:00:00+00:00,1.4073,1.4264,1.3965,1.4226,0
2000-11-30T00:00:00+00:00,1.4226,1.4554,1.415,1.4442,0
2000-12-07T00:00:00+00:00,1.4442,1.4584,1.4368,1.4563,0
2000-12-14T00:00:00+00:00,1.4563,1.4799,1.4542,1.4765,0
2000-12-21T00:00:00+00:00,1.4765,1.4982,1.4667999999999999,1.4971,0
2000-12-28T00:00:00+00:00,1.4971,1.5097,1.4868,1.4909,0
2001-01-04T00:00:00+00:00,1.4909,1.51,1.4858,1.4868999999999999,0
2001-01-11T00:00:00+00:00,1.4868999999999999,1.503,1.4667999999999999,1.4737,0
2001-01-18T00:00:00+00:00,1.4737,1.477,1.4521,1.4539,0
2001-01-25T00:00:00+00:00,1.4539,1.4687,1.4475,1.4647,0
2001-02-01T00:00:00+00:00,1.4647,1.4835,1.4505,1.4533,0
2001-02-08T00:00:00+00:00,1.4533,1.4612,1.4378,1.454,0
2001-02-15T00:00:00+00:00,1.454,1.4601,1.4317,1.4427,0
2001-02-22T00:00:00+00:00,1.4427,1.4569,1.4393,1.4452,0
2001-03-01T00:00:00+00:00,1.4452,1.4762,1.4445999999999999,1.4614,0
2001-03-08T00:00:00+00:00,1.4614,1.4751,1.4437,1.4454,0
2001-03-15T00:00:00+00:00,1.4454,1.4496,1.4215,1.4307,0
2001-03-22T00:00:00+00:00,1.4307,1.4385,1.4183,1.4379,0
2001-03-29T00:00:00+00:00,1.4379,1.4423,1.4142,1.4324,0
2001-04-05T00:00:00+00:00,1.4324,1.4501,1.4246,1.4366,0
2001-04-12T00:00:00+00:00,1.4366,1.4427,1.4194,1.4277,0
2001-04-19T00:00:00+00:00,1.4277,1.4484,1.4258,1.4417,0
2001-04-26T00:00:00+00:00,1.4417,1.4438,1.4268,1.4337,0
2001-05-03T00:00:00+00:00,1.4337,1.4442,1.4182,1.4227,0
2001-05-10T00:00:00+00:00,1.4227,1.436,1.4137,1.4304999999999999,0
2001-05-17T00:00:00+00:00,1.4304999999999999,1.4417,1.4175,1.4196,0
2001-05-24T00:00:00+00:00,1.4196,1.4281,1.4073,1.4264,0
2001-05-31T00:00:00+00:00,1.4264,1.4273,1.3893,1.3924,0
2001-06-07T00:00:00+00:00,1.3924,1.3941999999999999,1.3683,1.3918,0
2001-06-14T00:00:00+00:00,1.3918,1.4107,1.3878,1.3957,0
2001-06-21T00:00:00+00:00,1.3957,1.4228,1.3952,1.4173,0
2001-06-28T00:00:00+00:00,1.4173,1.4196,1.4021,1.4073,0
2001-07-05T00:00:00+00:00,1.4073,1.4189,1.3967,1.408,0
2001-07-12T00:00:00+00:00,1.408,1.4223999999999999,1.3933,1.4217,0
2001-07-19T00:00:00+00:00,1.4217,1.435,1.4141,1.4282,0
2001-07-26T00:00:00+00:00,1.4282,1.4352,1.421,1.434,0
2001-08-02T00:00:00+00:00,1.434,1.4356,1.4126,1.417,0
2001-08-09T00:00:00+00:00,1.417,1.4417,1.4134,1.4408,0
2001-08-16T00:00:00+00:00,1.4408,1.4589,1.4396,1.4492,0
2001-08-23T00:00:00+00:00,1.4492,1.4572,1.4377,1.4514,0
2001-08-30T00:00:00+00:00,1.4514,1.4623,1.4408,1.4572,0
2001-09-06T00:00:00+00:00,1.4572,1.4779,1.4463,1.4677,0
2001-09-13T00:00:00+00:00,1.4677,1.4788999999999999,1.4601,1.4684,0
2001-09-20T00:00:00+00:00,1.4684,1.4768999999999999,1.4517,1.4759,0
2001-09-27T00:00:00+00:00,1.4759,1.4814,1.4622,1.4777,0
2001-10-04T00:00:00+00:00,1.4777,1.4844,1.4487,1.4515,0
2001-10-11T00:00:00+00:00,1.4515,1.4542,1.4404,1.4465999999999999,0
2001-10-18T00:00:00+00:00,1.4465999999999999,1.4501,1.4198,1.4287,0
2001-10-25T00:00:00+00:00,1.4287,1.4598,1.4233,1.4546999999999999,0
2001-11-01T00:00:00+00:00,1.4546999999999999,1.4681,1.4514,1.4634,0
2001-11-08T00:00:00+00:00,1.4634,1.4662,1.4353,1.4416,0
2001-11-15T00:00:00+00:00,1.4416,1.4428,1.4089,1.4167,0
2001-11-22T00:00:00+00:00,1.4167,1.4286,1.4045,1.4264999999999999,0
2001-11-29T00:00:00+00:00,1.4264999999999999,1.4297,1.4157,1.4181,0
2001-12-06T00:00:00+00:00,1.4181,1.4506000000000001,1.4166,1.4494,0
2001-12-13T00:00:00+00:00,1.4494,1.4633,1.4423000000000001,1.4534,0
2001-12-20T00:00:00+00:00,1.4534,1.4574,1.4344,1.4555,0
2001-12-27T00:00:00+00:00,1.4555,1.4581,1.4445999999999999,1.4498,0
2002-01-03T00:00:00+00:00,1.4498,1.4507999999999999,1.4362,1.4398,0
2002-01-10T00:00:00+00:00,1.4398,1.4543,1.4368999999999998,1.4393,0
2002-01-17T00:00:00+00:00,1.4393,1.4442,1.4242,1.4265999999999999,0
2002-01-24T00:00:00+00:00,1.4265999999999999,1.4292,1.4065999999999999,1.4172,0
2002-01-31T00:00:00+00:00,1.4172,1.4271,1.408,1.4144999999999999,0
2002-02-07T00:00:00+00:00,1.4144999999999999,1.4383,1.4091,1.4306999999999999,0
2002-02-14T00:00:00+00:00,1.4306999999999999,1.4367999999999999,1.4249999999999998,1.43,0
2002-02-21T00:00:00+00:00,1.43,1.4372999999999998,1.4175999999999997,1.4226999999999999,0
2002-02-28T00:00:00+00:00,1.4226999999999999,1.4289999999999998,1.4144999999999999,1.4255999999999998,0
2002-03-07T00:00:00+00:00,1.4255999999999998,1.4343,1.4135,1.4201,0
2002-03-14T00:00:00+00:00,1.4201,1.4347999999999999,1.4184999999999999,1.4338,0
2002-03-21T00:00:00+00:00,1.4338,1.4373999999999998,1.4266999999999999,1.4297999999999997,0
2002-03-28T00:00:00+00:00,1.4297999999999997,1.4484,1.4274999999999998,1.4410999999999998,0
2002-04-04T00:00:00+00:00,1.4410999999999998,1.4461,1.4358,1.4430999999999998,0
2002-04-11T00:00:00+00:00,1.4430999999999998,1.4547999999999999,1.4405999999999999,1.4539,0
2002-04-18T00:00:00+00:00,1.4539,1.4602000000000002,1.4522,1.4584000000000001,0
2002-04-25T00:00:00+00:00,1.4584000000000001,1.4743000000000002,1.4579000000000002,1.4733,0
2002-05-02T00:00:00+00:00,1.4733,1.4796000000000002,1.4632000000000003,1.4659000000000002,0
2002-05-09T00:00:00+00:00,1.4659000000000002,1.4755000000000003,1.4568000000000003,1.4706000000000001,0
2002-05-16T00:00:00+00:00,1.4706000000000001,1.4729000000000003,1.4631000000000003,1.4684000000000001,0
2002-05-23T00:00:00+00:00,1.4684000000000001,1.4733000000000003,1.4603000000000002,1.4717000000000002,0
2002-05-30T00:00:00+00:00,1.4717000000000002,1.4782000000000002,1.4631000000000003,1.4695000000000003,0
2002-06-06T00:00:00+00:00,1.4695000000000003,1.4850000000000003,1.4633000000000003,1.4807000000000003,0
2002-06-13T00:00:00+00:00,1.4807000000000003,1.5044000000000002,1.4780000000000002,1.5006000000000002,0
2002-06-20T00:00:00+00:00,1.5006000000000002,1.5411000000000004,1.4982000000000002,1.5350000000000004,0
2002-06-27T00:00:00+00:00,1.5350000000000004,1.5475000000000003,1.5268000000000002,1.5371000000000004,0
2002-07-04T00:00:00+00:00,1.5371000000000004,1.5623000000000002,1.5246000000000002,1.5571000000000004,0
2002-07-11T00:00:00+00:00,1.5571000000000004,1.5878000000000003,1.5513000000000003,1.5804000000000002,0
2002-07-18T00:00:00+00:00,1.5804000000000002,1.5951000000000002,1.5653000000000004,1.5817000000000003,0
2002-07-25T00:00:00+00:00,1.5817000000000003,1.5962000000000003,1.5661000000000003,1.5736000000000003,0
2002-08-01T00:00:00+00:00,1.5736000000000003,1.5824000000000003,1.5407000000000002,1.5491000000000004,0
2002-08-08T00:00:00+00:00,1.5491000000000004,1.5565000000000002,1.5304000000000002,1.5461000000000003,0
2002-08-15T00:00:00+00:00,1.5461000000000003,1.5540000000000003,1.5301000000000002,1.5412000000000003,0
2002-08-22T00:00:00+00:00,1.5412000000000003,1.5472000000000004,1.5258000000000003,1.5442000000000002,0
2002-08-29T00:00:00+00:00,1.5442000000000002,1.5767000000000002,1.5415000000000003,1.5742000000000003,0
2002-09-05T00:00:00+00:00,1.5742000000000003,1.5825000000000002,1.5570000000000002,1.5631000000000002,0
2002-09-12T00:00:00+00:00,1.5631000000000002,1.5749000000000002,1.5380000000000003,1.5594000000000003,0
2002-09-19T00:00:00+00:00,1.5594000000000003,1.5764000000000002,1.5548000000000002,1.5665000000000002,0
2002-09-26T00:00:00+00:00,1.5665000000000002,1.5859000000000003,1.5614000000000003,1.5791000000000002,0
2002-10-03T00:00:00+00:00,1.5791000000000002,1.5827000000000002,1.5601000000000003,1.5737000000000003,0
2002-10-10T00:00:00+00:00,1.5737000000000003,1.5780000000000003,1.5580000000000003,1.5635000000000003,0
2002-10-17T00:00:00+00:00,1.5635000000000003,1.5675000000000003,1.5507000000000002,1.5581000000000003,0
2002-10-24T00:00:00+00:00,1.5581000000000003,1.5715000000000003,1.5543000000000002,1.5672000000000004,0
2002-10-31T00:00:00+00:00,1.5672000000000004,1.5766000000000002,1.5620000000000003,1.5732000000000002,0
2002-11-07T00:00:00+00:00,1.5732000000000002,1.6062000000000003,1.5721000000000003,1.5956000000000004,0
2002-11-14T00:00:00+00:00,1.5956000000000004,1.6009000000000002,1.5800000000000003,1.5821000000000003,0
2002-11-21T00:00:00+00:00,1.5821000000000003,1.5943000000000003,1.5508000000000002,1.5564000000000002,0
2002-11-28T00:00:00+00:00,1.5564000000000002,1.5855000000000004,1.5547000000000002,1.5796000000000003,0
2002-12-05T00:00:00+00:00,1.5796000000000003,1.5932000000000002,1.5756000000000003,1.5867000000000002,0
2002-12-12T00:00:00+00:00,1.5867000000000002,1.6137000000000004,1.5821000000000003,1.6133000000000002,0
2002-12-19T00:00:00+00:00,1.6133000000000002,1.6156000000000004,1.5961000000000003,1.6051000000000002,0
2002-12-26T00:00:00+00:00,1.6051000000000002,1.6228000000000002,1.6042000000000003,1.6197000000000004,0
2003-01-02T00:00:00+00:00,1.6197000000000004,1.6256000000000002,1.6002000000000003,1.6224000000000003,0
2003-01-09T00:00:00+00:00,1.6224000000000003,1.6258000000000004,1.6053000000000002,1.6148000000000002,0
2003-01-16T00:00:00+00:00,1.6148000000000002,1.6303000000000003,1.6111000000000002,1.6297000000000004,0
2003-01-23T00:00:00+00:00,1.6297000000000004,1.6592000000000002,1.6246000000000003,1.6574000000000002,0
2003-01-30T00:00:00+00:00,1.6574000000000002,1.6667000000000003,1.6455000000000002,1.6497000000000002,0
2003-02-06T00:00:00+00:00,1.6497000000000002,1.6571000000000002,1.6223000000000003,1.6253000000000002,0
2003-02-13T00:00:00+00:00,1.6253000000000002,1.6337000000000004,1.5989000000000002,1.6067000000000002,0
2003-02-20T00:00:00+00:00,1.6067000000000002,1.6114000000000002,1.5800000000000003,1.5935000000000004,0
2003-02-27T00:00:00+00:00,1.5935000000000004,1.6140000000000003,1.5823000000000003,1.6111000000000002,0
2003-03-06T00:00:00+00:00,1.6111000000000002,1.6252000000000002,1.6024000000000003,1.6220000000000003,0
2003-03-13T00:00:00+00:00,1.6220000000000003,1.6224000000000003,1.5632000000000004,1.5730000000000002,0
2003-03-20T00:00:00+00:00,1.5730000000000002,1.5890000000000002,1.5684000000000002,1.5839000000000003,0
2003-03-27T00:00:00+00:00,1.5839000000000003,1.5933000000000002,1.5705000000000002,1.5771000000000002,0
2003-04-03T00:00:00+00:00,1.5771000000000002,1.5833000000000004,1.5555000000000003,1.5726000000000002,0
2003-04-10T00:00:00+00:00,1.5726000000000002,1.5903000000000003,1.5718000000000003,1.5898000000000003,0
2003-04-17T00:00:00+00:00,1.5898000000000003,1.5978000000000003,1.5680000000000003,1.5972000000000002,0
2003-04-24T00:00:00+00:00,1.5972000000000002,1.6130000000000002,1.5928000000000002,1.6076000000000004,0
2003-05-01T00:00:00+00:00,1.6076000000000004,1.6284000000000003,1.5997000000000003,1.6066000000000003,0
2003-05-08T00:00:00+00:00,1.6066000000000003,1.6310000000000002,1.6016000000000004,1.6273000000000002,0
2003-05-15T00:00:00+00:00,1.6273000000000002,1.6558000000000002,1.6220000000000003,1.6457000000000002,0
2003-05-22T00:00:00+00:00,1.6457000000000002,1.6568000000000003,1.6405000000000003,1.6499000000000004,0
2003-05-29T00:00:00+00:00,1.6499000000000004,1.6642000000000003,1.6331000000000002,1.6394000000000002,0
2003-06-05T00:00:00+00:00,1.6394000000000002,1.6805000000000003,1.6381000000000003,1.6762000000000004,0
2003-06-12T00:00:00+00:00,1.6762000000000004,1.7001000000000002,1.6727000000000003,1.6881000000000002,0
2003-06-19T00:00:00+00:00,1.6881000000000002,1.6917000000000002,1.6650000000000003,1.6834000000000002,0
2003-06-26T00:00:00+00:00,1.6834000000000002,1.6837000000000002,1.6550000000000002,1.6742000000000004,0
2003-07-03T00:00:00+00:00,1.6742000000000004,1.6839000000000002,1.6370000000000002,1.6477000000000002,0
2003-07-10T00:00:00+00:00,1.6477000000000002,1.6485000000000003,1.5948000000000002,1.6067000000000002,0
2003-07-17T00:00:00+00:00,1.6067000000000002,1.6197000000000004,1.5817000000000003,1.6167000000000002,0
2003-07-24T00:00:00+00:00,1.6167000000000002,1.6406000000000003,1.6155000000000002,1.6256000000000002,0
2003-07-31T00:00:00+00:00,1.6256000000000002,1.6282000000000003,1.6099000000000003,1.6194000000000002,0
2003-08-07T00:00:00+00:00,1.6194000000000002,1.6284000000000003,1.6060000000000003,1.6175000000000002,0
2003-08-14T00:00:00+00:00,1.6175000000000002,1.6234000000000002,1.5906000000000002,1.6036000000000004,0
2003-08-21T00:00:00+00:00,1.6036000000000004,1.6036000000000004,1.5712000000000004,1.5814000000000004,0
2003-08-28T00:00:00+00:00,1.5814000000000004,1.5923000000000003,1.5705000000000002,1.5805000000000002,0
2003-09-04T00:00:00+00:00,1.5805000000000002,1.6041000000000003,1.5761000000000003,1.6015000000000004,0
2003-09-11T00:00:00+00:00,1.6015000000000004,1.6198000000000004,1.5944000000000003,1.6188000000000002,0
2003-09-18T00:00:00+00:00,1.6188000000000002,1.6697000000000002,1.6160000000000003,1.6688000000000003,0
2003-09-25T00:00:00+00:00,1.6688000000000003,1.6856000000000002,1.6546000000000003,1.6780000000000002,0
2003-10-02T00:00:00+00:00,1.6780000000000002,1.6874000000000002,1.6675000000000002,1.6720000000000004,0
2003-10-09T00:00:00+00:00,1.6720000000000004,1.6862000000000004,1.6631000000000002,1.6767000000000003,0
2003-10-16T00:00:00+00:00,1.6767000000000003,1.7038000000000002,1.6753000000000002,1.7008000000000003,0
2003-10-23T00:00:00+00:00,1.7008000000000003,1.7172000000000003,1.6968000000000003,1.7072000000000003,0
2003-10-30T00:00:00+00:00,1.7072000000000003,1.7168000000000003,1.6767000000000003,1.6836000000000002,0
2003-11-06T00:00:00+00:00,1.6836000000000002,1.6881000000000002,1.6662000000000003,1.6833000000000002,0
2003-11-13T00:00:00+00:00,1.6833000000000002,1.7154000000000003,1.6833000000000002,1.7067000000000003,0
2003-11-20T00:00:00+00:00,1.7067000000000003,1.7224000000000002,1.7025000000000003,1.7219000000000002,0
2003-11-27T00:00:00+00:00,1.7219000000000002,1.7417000000000002,1.7185000000000004,1.7375000000000003,0
2003-12-04T00:00:00+00:00,1.7375000000000003,1.7574000000000003,1.7269000000000003,1.7525000000000002,0
2003-12-11T00:00:00+00:00,1.7525000000000002,1.7793000000000003,1.7450000000000003,1.7758000000000003,0
2003-12-18T00:00:00+00:00,1.7758000000000003,1.7855000000000003,1.7695000000000003,1.7840000000000003,0
2003-12-25T00:00:00+00:00,1.7840000000000003,1.8039000000000003,1.7791000000000003,1.7934000000000003,0
2004-01-01T00:00:00+00:00,1.7934000000000003,1.8374000000000004,1.7885000000000002,1.8274000000000004,0
2004-01-08T00:00:00+00:00,1.8274000000000004,1.8674000000000002,1.8201000000000003,1.8423000000000003,0
2004-01-15T00:00:00+00:00,1.8423000000000003,1.8467000000000002,1.7919000000000003,1.8419000000000003,0
2004-01-22T00:00:00+00:00,1.8419000000000003,1.8619000000000003,1.8114000000000003,1.8280000000000003,0
2004-01-29T00:00:00+00:00,1.8280000000000003,1.8519000000000003,1.8152000000000004,1.8411000000000002,0
2004-02-05T00:00:00+00:00,1.8411000000000002,1.9018000000000002,1.8399000000000003,1.9006000000000003,0
2004-02-12T00:00:00+00:00,1.9006000000000003,1.9237000000000002,1.8881000000000003,1.8984000000000003,0
2004-02-19T00:00:00+00:00,1.8984000000000003,1.9094000000000002,1.8552000000000002,1.8802000000000003,0
2004-02-26T00:00:00+00:00,1.8802000000000003,1.8872000000000002,1.8246000000000002,1.8390000000000004,0
2004-03-04T00:00:00+00:00,1.8390000000000004,1.8652000000000002,1.8024000000000002,1.8091000000000002,0
2004-03-11T00:00:00+00:00,1.8091000000000002,1.832,1.7970000000000002,1.8289000000000002,0
2004-03-18T00:00:00+00:00,1.8289000000000002,1.8642,1.828,1.8361000000000003,0
2004-03-25T00:00:00+00:00,1.8361000000000003,1.8578000000000003,1.8092000000000001,1.8577000000000004,0
2004-04-01T00:00:00+00:00,1.8577000000000004,1.8721000000000003,1.8233000000000004,1.8524000000000003,0
2004-04-08T00:00:00+00:00,1.8524000000000003,1.8593000000000004,1.7976000000000003,1.8036000000000003,0
2004-04-15T00:00:00+00:00,1.8036000000000003,1.8259000000000003,1.7772000000000003,1.7862000000000002,19669
2004-04-22T00:00:00+00:00,1.7862000000000002,1.8093000000000001,1.7740000000000002,1.7826000000000002,30328
2004-04-29T00:00:00+00:00,1.7826000000000002,1.8122000000000003,1.7701000000000002,1.8036,28548
2004-05-06T00:00:00+00:00,1.8036,1.8162000000000003,1.7647000000000004,1.7842000000000002,34643
2004-05-13T00:00:00+00:00,1.7842000000000002,1.7961000000000005,1.7596000000000003,1.7938000000000003,30856
2004-05-20T00:00:00+00:00,1.7938000000000003,1.8316000000000006,1.7743000000000004,1.8254000000000006,27962
2004-05-27T00:00:00+00:00,1.8254000000000006,1.8584000000000005,1.8216000000000006,1.8444000000000005,27715
2004-06-03T00:00:00+00:00,1.8444000000000005,1.8563000000000003,1.8335000000000004,1.8385000000000005,28302
2004-06-10T00:00:00+00:00,1.8385000000000005,1.8528000000000004,1.8147000000000004,1.8378000000000003,31453
2004-06-17T00:00:00+00:00,1.8378000000000003,1.8520000000000003,1.8250000000000004,1.8273000000000004,35660
2004-06-24T00:00:00+00:00,1.8273000000000004,1.8444000000000003,1.8117,1.8307000000000002,37738
2004-07-01T00:00:00+00:00,1.8307000000000002,1.8699000000000001,1.8221000000000003,1.8678000000000001,33652
2004-07-08T00:00:00+00:00,1.8678000000000001,1.8773000000000004,1.8588000000000002,1.8668000000000002,35150
2004-07-15T00:00:00+00:00,1.8668000000000002,1.8884000000000003,1.8435000000000004,1.8526000000000002,34065
2004-07-22T00:00:00+00:00,1.8526000000000002,1.8607000000000002,1.8257000000000003,1.8354000000000004,33646
2004-07-29T00:00:00+00:00,1.8354000000000004,1.8422000000000003,1.8190000000000004,1.8340000000000003,35129
2004-08-05T00:00:00+00:00,1.8340000000000003,1.8552000000000004,1.8276000000000003,1.8358000000000003,35694
2004-08-12T00:00:00+00:00,1.8358000000000003,1.8522000000000005,1.8193000000000004,1.8296000000000006,40488
2004-08-19T00:00:00+00:00,1.8296000000000006,1.8401000000000005,1.7909000000000004,1.7999000000000003,42968
2004-08-26T00:00:00+00:00,1.7999000000000003,1.8081000000000003,1.7867000000000002,1.7944000000000002,39150
2004-09-02T00:00:00+00:00,1.7944000000000002,1.7988000000000002,1.7701000000000002,1.7856000000000003,30370
2004-09-09T00:00:00+00:00,1.7856000000000003,1.8019000000000003,1.7711000000000003,1.7740000000000002,32550
2004-09-16T00:00:00+00:00,1.7740000000000002,1.8000000000000003,1.7729000000000004,1.7921000000000002,27768
2004-09-23T00:00:00+00:00,1.7921000000000002,1.8129000000000004,1.7915000000000003,1.7959000000000003,30921
2004-09-30T00:00:00+00:00,1.7959000000000003,1.8100000000000003,1.7715000000000003,1.7761000000000002,29289
2004-10-07T00:00:00+00:00,1.7761000000000002,1.7943000000000002,1.7732000000000003,1.7891000000000004,24897
2004-10-14T00:00:00+00:00,1.7891000000000004,1.8130000000000002,1.7863000000000002,1.8124000000000002,25910
2004-10-21T00:00:00+00:00,1.8124000000000002,1.8376000000000001,1.8094000000000001,1.8207000000000002,32484
2004-10-28T00:00:00+00:00,1.8207000000000002,1.8419,1.8119,1.8407,35944
2004-11-04T00:00:00+00:00,1.8407,1.8543,1.8222,1.8386000000000002,32415
2004-11-11T00:00:00+00:00,1.8386000000000002,1.8569000000000002,1.8302,1.8530000000000002,29738
2004-11-18T00:00:00+00:00,1.8530000000000002,1.8759000000000001,1.8407000000000002,1.8745,30323
2004-11-25T00:00:00+00:00,1.8745,1.9316000000000002,1.8727,1.9303000000000001,34742
2004-12-02T00:00:00+00:00,1.9303000000000001,1.9474000000000005,1.9132000000000002,1.9312000000000005,39229
2004-12-09T00:00:00+00:00,1.9312000000000005,1.9498000000000004,1.8980000000000004,1.9456000000000004,44213
2004-12-16T00:00:00+00:00,1.9456000000000004,1.9586000000000006,1.9094000000000004,1.9163000000000006,44309
2004-12-23T00:00:00+00:00,1.9163000000000006,1.9412000000000005,1.9114000000000004,1.9179000000000004,32365
2004-12-30T00:00:00+00:00,1.9179000000000004,1.9349000000000005,1.8726000000000005,1.8822000000000005,36816
2005-01-06T00:00:00+00:00,1.8822000000000005,1.8908000000000005,1.8641000000000005,1.8876000000000006,41510
2005-01-13T00:00:00+00:00,1.8876000000000006,1.8900000000000006,1.8490000000000006,1.8676000000000006,42387
2005-01-20T00:00:00+00:00,1.8676000000000006,1.8823000000000005,1.8578000000000006,1.8789000000000005,39641
2005-01-27T00:00:00+00:00,1.8789000000000005,1.8896000000000006,1.8751000000000007,1.8834000000000004,36254
2005-02-03T00:00:00+00:00,1.8834000000000004,1.8898000000000004,1.8503000000000005,1.8573000000000006,44280
2005-02-10T00:00:00+00:00,1.8573000000000006,1.8954000000000004,1.8498000000000006,1.8830000000000005,49059
2005-02-17T00:00:00+00:00,1.8830000000000005,1.9127000000000003,1.8813000000000004,1.9075000000000004,46683
2005-02-24T00:00:00+00:00,1.9075000000000004,1.9256000000000004,1.9004000000000003,1.9137000000000004,45992
2005-03-03T00:00:00+00:00,1.9137000000000004,1.9319000000000004,1.9045000000000005,1.9248000000000005,43989
2005-03-10T00:00:00+00:00,1.9248000000000005,1.9299000000000004,1.9076000000000004,1.9238000000000004,68788
2005-03-17T00:00:00+00:00,1.9238000000000004,1.9260000000000004,1.8639000000000003,1.8670000000000004,60270
2005-03-24T00:00:00+00:00,1.8670000000000004,1.8827000000000005,1.8571000000000004,1.8762000000000005,47268
2005-03-31T00:00:00+00:00,1.8762000000000005,1.8955000000000004,1.8690000000000004,1.8787000000000005,37766
2005-04-07T00:00:00+00:00,1.8787000000000005,1.8957000000000004,1.8652000000000004,1.8925000000000003,36668
2005-04-14T00:00:00+00:00,1.8925000000000003,1.9194000000000002,1.8743000000000003,1.9169000000000003,37841
2005-04-21T00:00:00+00:00,1.9169000000000003,1.9194000000000002,1.8952000000000002,1.9019000000000001,35794
2005-04-28T00:00:00+00:00,1.9019000000000001,1.9124,1.8848000000000003,1.8988,34006
2005-05-05T00:00:00+00:00,1.8988,1.9041000000000001,1.8657,1.8689,34543
2005-05-12T00:00:00+00:00,1.8689,1.8697,1.8254,1.8363,38012
2005-05-19T00:00:00+00:00,1.8363,1.8395,1.8195,1.8282999999999998,33120
2005-05-26T00:00:00+00:00,1.8282999999999998,1.8294,1.8048,1.8065,39819
2005-06-02T00:00:00+00:00,1.8065,1.8371000000000002,1.806,1.82,41160
2005-06-09T00:00:00+00:00,1.82,1.8253000000000001,1.7971000000000001,1.8197,46522
2005-06-16T00:00:00+00:00,1.8197,1.8336999999999999,1.8139,1.8223,40651
2005-06-23T00:00:00+00:00,1.8223,1.8321999999999998,1.8000999999999998,1.8069,41265
2005-06-30T00:00:00+00:00,1.8069,1.811,1.7528,1.7565,48432
2005-07-07T00:00:00+00:00,1.7565,1.7789,1.7333999999999998,1.7648,54549
2005-07-14T00:00:00+00:00,1.7648,1.7648,1.7278,1.7384,53871
2005-07-21T00:00:00+00:00,1.7384,1.7624,1.733,1.7442,64362
2005-07-28T00:00:00+00:00,1.7442,1.784,1.7403,1.7784000000000002,56895
2005-08-04T00:00:00+00:00,1.7784000000000002,1.7999,1.7721,1.7971,51736
2005-08-11T00:00:00+00:00,1.7971,1.8195999999999999,1.7964,1.8056,50404
2005-08-18T00:00:00+00:00,1.8056,1.8089,1.7888,1.8007,44953
2005-08-25T00:00:00+00:00,1.8007,1.8096,1.7807,1.8029,41082
2005-09-01T00:00:00+00:00,1.8029,1.8522999999999998,1.7993999999999999,1.8385999999999998,48398
2005-09-08T00:00:00+00:00,1.8385999999999998,1.8461999999999998,1.8191999999999997,1.8246999999999995,44902
2005-09-15T00:00:00+00:00,1.8246999999999995,1.8254999999999997,1.8011999999999997,1.8148999999999997,44485
2005-09-22T00:00:00+00:00,1.8148999999999997,1.8199999999999996,1.7727999999999997,1.7801999999999998,44678
2005-09-29T00:00:00+00:00,1.7801999999999998,1.7854999999999996,1.7645,1.7752999999999999,43382
2005-10-06T00:00:00+00:00,1.7752999999999999,1.7943999999999998,1.7529,1.7652999999999999,43314
2005-10-13T00:00:00+00:00,1.7652999999999999,1.7880999999999998,1.7571999999999999,1.7800999999999998,49459
2005-10-20T00:00:00+00:00,1.7800999999999998,1.8034,1.7744,1.7911,44166
2005-10-27T00:00:00+00:00,1.7911,1.8069,1.7764,1.7923,49291
2005-11-03T00:00:00+00:00,1.7923,1.7949,1.7518,1.7623000000000002,72038
2005-11-10T00:00:00+00:00,1.7623000000000002,1.7708000000000002,1.733,1.7357,82204
2005-11-17T00:00:00+00:00,1.7357,1.7457,1.7261,1.7433,82585
2005-11-24T00:00:00+00:00,1.7433,1.7559,1.726,1.7505000000000002,66625
2005-12-01T00:00:00+00:00,1.7505000000000002,1.7680000000000002,1.7461,1.7581000000000002,63683
2005-12-08T00:00:00+00:00,1.7581000000000002,1.8084,1.7554,1.8003,54582
2005-12-15T00:00:00+00:00,1.8003,1.8035,1.7685000000000002,1.7753,57035
2005-12-22T00:00:00+00:00,1.7753,1.7759000000000003,1.74325,1.74705,40637.09988893165
2005-12-29T00:00:00+00:00,1.74705,1.7910000000000001,1.74695,1.7876,45815.07618445597
2006-01-05T00:00:00+00:00,1.7876,1.8033000000000001,1.7777,1.7951000000000001,63956
2006-01-12T00:00:00+00:00,1.7951000000000001,1.8095000000000003,1.7883000000000002,1.7935000000000003,72601
2006-01-19T00:00:00+00:00,1.7935000000000003,1.8238000000000003,1.7826000000000002,1.8140000000000003,76346
2006-01-26T00:00:00+00:00,1.8140000000000003,1.8192000000000002,1.7924000000000002,1.8035000000000003,69693
2006-02-02T00:00:00+00:00,1.8035000000000003,1.8105000000000002,1.7655000000000005,1.7694000000000005,66905
2006-02-09T00:00:00+00:00,1.7694000000000005,1.7854000000000005,1.7556000000000005,1.7683000000000004,73952
2006-02-16T00:00:00+00:00,1.7683000000000004,1.7750000000000006,1.7579000000000005,1.7711000000000006,72729
2006-02-23T00:00:00+00:00,1.7711000000000006,1.7871000000000006,1.7651000000000006,1.7776000000000005,79772
2006-03-02T00:00:00+00:00,1.7776000000000005,1.7880000000000005,1.7585000000000006,1.7641000000000004,93091
2006-03-09T00:00:00+00:00,1.7641000000000004,1.7754000000000005,1.7486000000000006,1.7740000000000005,93155
2006-03-16T00:00:00+00:00,1.7740000000000005,1.7855000000000005,1.7700000000000005,1.7735000000000005,94447
2006-03-23T00:00:00+00:00,1.7735000000000005,1.7805000000000006,1.7572000000000003,1.7603000000000006,84154
2006-03-30T00:00:00+00:00,1.7603000000000006,1.7890000000000008,1.7523000000000009,1.7808000000000008,83140
2006-04-06T00:00:00+00:00,1.7808000000000008,1.7869000000000008,1.765600000000001,1.777500000000001,85415
2006-04-13T00:00:00+00:00,1.777500000000001,1.819600000000001,1.7765000000000009,1.8187000000000009,71572
2006-04-20T00:00:00+00:00,1.8187000000000009,1.8191000000000008,1.8011000000000008,1.8065000000000009,66924
2006-04-27T00:00:00+00:00,1.8065000000000009,1.8691000000000006,1.804100000000001,1.8635000000000008,70445
2006-05-04T00:00:00+00:00,1.8635000000000008,1.8921000000000008,1.8550000000000006,1.8828000000000007,91467
2006-05-11T00:00:00+00:00,1.8828000000000007,1.9214000000000009,1.8724000000000007,1.9016000000000008,93118
2006-05-18T00:00:00+00:00,1.9016000000000008,1.915100000000001,1.8827000000000007,1.8880000000000008,99290
2006-05-25T00:00:00+00:00,1.8880000000000008,1.9039000000000008,1.8724000000000007,1.8864000000000007,86928
2006-06-01T00:00:00+00:00,1.8864000000000007,1.9048000000000007,1.8698000000000008,1.8711000000000009,86173
2006-06-08T00:00:00+00:00,1.8711000000000009,1.8745000000000007,1.8500000000000008,1.860700000000001,69721
2006-06-15T00:00:00+00:00,1.860700000000001,1.874400000000001,1.8552000000000008,1.8633000000000008,68654
2006-06-22T00:00:00+00:00,1.8633000000000008,1.8651000000000009,1.8311000000000008,1.835900000000001,59009
2006-06-29T00:00:00+00:00,1.835900000000001,1.868100000000001,1.826200000000001,1.853500000000001,58429
2006-07-06T00:00:00+00:00,1.853500000000001,1.873300000000001,1.850400000000001,1.854100000000001,52176
2006-07-13T00:00:00+00:00,1.854100000000001,1.866200000000001,1.837200000000001,1.8612000000000009,63225
2006-07-20T00:00:00+00:00,1.8612000000000009,1.8793000000000009,1.858000000000001,1.873900000000001,66239
2006-07-27T00:00:00+00:00,1.873900000000001,1.899100000000001,1.872100000000001,1.896100000000001,73435
2006-08-03T00:00:00+00:00,1.896100000000001,1.9339000000000008,1.8893000000000009,1.923900000000001,75548
2006-08-10T00:00:00+00:00,1.923900000000001,1.928600000000001,1.9036000000000008,1.914800000000001,70157
2006-08-17T00:00:00+00:00,1.914800000000001,1.920200000000001,1.897100000000001,1.912600000000001,64112
2006-08-24T00:00:00+00:00,1.912600000000001,1.9255000000000009,1.902400000000001,1.9237000000000009,70158
2006-08-31T00:00:00+00:00,1.9237000000000009,1.928700000000001,1.898900000000001,1.903700000000001,66044
2006-09-07T00:00:00+00:00,1.903700000000001,1.906500000000001,1.879800000000001,1.8954000000000009,93844
2006-09-14T00:00:00+00:00,1.8954000000000009,1.912500000000001,1.892900000000001,1.907900000000001,91640
2006-09-21T00:00:00+00:00,1.907900000000001,1.926800000000001,1.904800000000001,1.908500000000001,93604
2006-09-28T00:00:00+00:00,1.908500000000001,1.911200000000001,1.882800000000001,1.9055000000000009,73074
2006-10-05T00:00:00+00:00,1.9055000000000009,1.907100000000001,1.8711000000000009,1.872900000000001,72874
2006-10-12T00:00:00+00:00,1.872900000000001,1.8934000000000009,1.871800000000001,1.8873000000000009,72180
2006-10-19T00:00:00+00:00,1.8873000000000009,1.9055000000000009,1.885900000000001,1.896700000000001,60861
2006-10-26T00:00:00+00:00,1.896700000000001,1.933000000000001,1.896300000000001,1.928100000000001,63062
2006-11-02T00:00:00+00:00,1.928100000000001,1.931900000000001,1.914100000000001,1.924800000000001,54299
2006-11-09T00:00:00+00:00,1.924800000000001,1.937400000000001,1.903100000000001,1.908300000000001,49633
2006-11-16T00:00:00+00:00,1.908300000000001,1.936100000000001,1.903000000000001,1.934000000000001,46235
2006-11-23T00:00:00+00:00,1.934000000000001,1.9740000000000009,1.932400000000001,1.9659000000000009,57378
2006-11-30T00:00:00+00:00,1.9659000000000009,2.004200000000001,1.964200000000001,1.985800000000001,61178
2006-12-07T00:00:00+00:00,1.985800000000001,1.9923000000000008,1.9660000000000009,1.9862000000000009,59101
2006-12-14T00:00:00+00:00,1.9862000000000009,1.9943000000000008,1.962800000000001,1.983700000000001,57854
2006-12-21T00:00:00+00:00,1.983700000000001,1.989200000000001,1.970900000000001,1.975600000000001,35489
2006-12-28T00:00:00+00:00,1.975600000000001,1.987300000000001,1.9481,1.9513,40083
2007-01-04T00:00:00+00:00,1.9513,1.9531,1.9261,1.932,53302
2007-01-11T00:00:00+00:00,1.932,1.9724,1.9317,1.9697,56527
2007-01-18T00:00:00+00:00,1.9697,1.9916,1.9635,1.9695,54739
2007-01-25T00:00:00+00:00,1.9695,1.9734,1.9481,1.9653,55689
2007-02-01T00:00:00+00:00,1.9653,1.9747,1.9536,1.9706,48589
2007-02-08T00:00:00+00:00,1.9706,1.9727999999999999,1.9401,1.9627,56411
2007-02-15T00:00:00+00:00,1.9627,1.9678,1.9386,1.9494,55435
2007-02-22T00:00:00+00:00,1.9494,1.963,1.9416,1.9594,59828
2007-03-01T00:00:00+00:00,1.9594,1.9608,1.914,1.9285,71416
2007-03-08T00:00:00+00:00,1.9285,1.939,1.9167,1.9316,61456
2007-03-15T00:00:00+00:00,1.9316,1.9651,1.9263000000000001,1.9636,61654
2007-03-22T00:00:00+00:00,1.9636,1.9685,1.9528,1.9573,55615
2007-03-29T00:00:00+00:00,1.9573,1.9782,1.9504,1.972,53181
2007-04-05T00:00:00+00:00,1.972,1.9776,1.9548,1.9706,40168
2007-04-12T00:00:00+00:00,1.9706,2.0103000000000004,1.9682,2.0056000000000003,51435
2007-04-19T00:00:00+00:00,2.0056000000000003,2.0065000000000004,1.9908000000000001,1.9968000000000004,44156
2007-04-26T00:00:00+00:00,1.9968000000000004,2.0028,1.9819,1.9852,55744
2007-05-03T00:00:00+00:00,1.9852,1.9952,1.9796,1.9889000000000001,40273
2007-05-10T00:00:00+00:00,1.9889000000000001,1.9916,1.97,1.9722,47751
2007-05-17T00:00:00+00:00,1.9722,1.9848000000000001,1.963,1.9819,39509
2007-05-24T00:00:00+00:00,1.9819,1.9853,1.9687000000000001,1.9711,35734
2007-05-31T00:00:00+00:00,1.9711,1.9922,1.9691,1.9878,39280
2007-06-07T00:00:00+00:00,1.9878,1.9896,1.9576,1.9684000000000001,48720
2007-06-14T00:00:00+00:00,1.9684000000000001,1.9901,1.961,1.9884,36643
2007-06-21T00:00:00+00:00,1.9884,1.9970000000000003,1.984,1.9947000000000001,38858
2007-06-28T00:00:00+00:00,1.9947000000000001,2.0161000000000002,1.9929000000000001,2.0117000000000003,46782
2007-07-05T00:00:00+00:00,2.0117000000000003,2.0311000000000003,2.0011,2.0271000000000003,52454
2007-07-12T00:00:00+00:00,2.0271000000000003,2.0502000000000007,2.0207,2.0482000000000005,51350
2007-07-19T00:00:00+00:00,2.0482000000000005,2.0600000000000005,2.0425000000000004,2.0484000000000004,45776
2007-07-26T00:00:00+00:00,2.0484000000000004,2.051,2.015,2.0294000000000003,63001
2007-08-02T00:00:00+00:00,2.0294000000000003,2.0449,2.0143,2.0358,51260
2007-08-09T00:00:00+00:00,2.0358,2.0382000000000002,1.9853,1.9885,66059
2007-08-16T00:00:00+00:00,1.9885,1.9934,1.9648,1.9929999999999999,76890
2007-08-23T00:00:00+00:00,1.9929999999999999,2.0187000000000004,1.9919,2.0172000000000003,53494
2007-08-30T00:00:00+00:00,2.0172000000000003,2.0229000000000004,2.0026,2.0179,49289
2007-09-06T00:00:00+00:00,2.0179,2.03571,2.0124,2.0281000000000002,81700
2007-09-13T00:00:00+00:00,2.0281000000000002,2.0336000000000003,1.98855,2.0011500000000004,139944
2007-09-20T00:00:00+00:00,2.0011500000000004,2.03189,1.9979500000000001,2.0157000000000003,131916
2007-09-27T00:00:00+00:00,2.0157000000000003,2.0497000000000005,2.0136000000000003,2.0323,138633
2007-10-04T00:00:00+00:00,2.0323,2.0483000000000002,2.0264,2.0431000000000004,123553
2007-10-11T00:00:00+00:00,2.0431000000000004,2.0432000000000006,2.02524,2.0393600000000003,147403
2007-10-18T00:00:00+00:00,2.0393600000000003,2.0516900000000002,2.02231,2.04601,170187
2007-10-25T00:00:00+00:00,2.04601,2.07671,2.04171,2.07401,110573
2007-11-01T00:00:00+00:00,2.07401,2.10191,2.06981,2.09688,131108
2007-11-08T00:00:00+00:00,2.09688,2.1109299999999998,2.05117,2.05291,218345
2007-11-15T00:00:00+00:00,2.05291,2.06844,2.03606,2.06392,210371
2007-11-22T00:00:00+00:00,2.06392,2.08269,2.05044,2.08167,176474
2007-11-29T00:00:00+00:00,2.08167,2.08167,2.0255900000000002,2.02694,202451
2007-12-06T00:00:00+00:00,2.02694,2.0588100000000003,2.0188400000000004,2.0491,184822
2007-12-13T00:00:00+00:00,2.0491,2.0506,1.9977699999999998,2.0027999999999997,182825
2007-12-20T00:00:00+00:00,2.0027999999999997,2.0033999999999996,1.9791499999999995,1.9804599999999994,73213
2007-12-27T00:00:00+00:00,1.9804599999999994,2.01239,1.9794199999999995,1.9829599999999994,105068
2008-01-03T00:00:00+00:00,1.9829599999999994,1.9871699999999994,1.9552599999999993,1.9583599999999994,195663
2008-01-10T00:00:00+00:00,1.9583599999999994,1.9728399999999993,1.9481599999999994,1.9619399999999994,204260
2008-01-17T00:00:00+00:00,1.9619399999999994,1.9777899999999993,1.9291399999999994,1.9506899999999994,212363
2008-01-24T00:00:00+00:00,1.9506899999999994,1.9890099999999993,1.9454399999999994,1.9795899999999993,168950
2008-01-31T00:00:00+00:00,1.9795899999999993,1.9877199999999993,1.9493399999999994,1.9554399999999994,176438
2008-02-07T00:00:00+00:00,1.9554399999999994,1.9604999999999997,1.9327299999999994,1.9568399999999995,164254
2008-02-14T00:00:00+00:00,1.9568399999999995,1.9677899999999995,1.9337199999999994,1.9392199999999995,155695
2008-02-21T00:00:00+00:00,1.9392199999999995,1.9947199999999996,1.9382699999999995,1.9791699999999994,166515
2008-02-28T00:00:00+00:00,1.9791699999999994,1.9941699999999996,1.9696099999999994,1.9893699999999994,197530
2008-03-06T00:00:00+00:00,1.9893699999999994,2.0255199999999993,1.9868699999999995,2.0243699999999993,203936
2008-03-13T00:00:00+00:00,2.0243699999999993,2.0373199999999994,1.9777799999999992,1.9818099999999992,255384
2008-03-20T00:00:00+00:00,1.9818099999999992,2.0086699999999995,1.9709199999999993,2.0059199999999997,150982
2008-03-27T00:00:00+00:00,2.0059199999999997,2.0167699999999993,1.9703699999999993,1.9848199999999994,220238
2008-04-03T00:00:00+00:00,1.9848199999999994,2.0023499999999994,1.9624699999999993,1.9735699999999994,200937
2008-04-10T00:00:00+00:00,1.9735699999999994,1.9869199999999994,1.9575199999999993,1.9697199999999992,205871
2008-04-17T00:00:00+00:00,1.9697199999999992,2.0001899999999995,1.9666499999999993,1.9778699999999994,235136
2008-04-24T00:00:00+00:00,1.9778699999999994,1.9940199999999992,1.9598699999999993,1.9841399999999993,218320
2008-05-01T00:00:00+00:00,1.9841399999999993,1.9884699999999993,1.9478199999999992,1.9513199999999993,170987
2008-05-08T00:00:00+00:00,1.9513199999999993,1.9608499999999993,1.9338399999999993,1.9432999999999994,203515
2008-05-15T00:00:00+00:00,1.9432999999999994,1.9707499999999993,1.9379899999999992,1.9707499999999993,194293
2008-05-22T00:00:00+00:00,1.9707499999999993,1.9826099999999993,1.9658099999999994,1.9785599999999992,150103
2008-05-29T00:00:00+00:00,1.9785599999999992,1.9793199999999993,1.9501899999999992,1.9530199999999993,204569
2008-06-05T00:00:00+00:00,1.9530199999999993,1.9775999999999994,1.9436499999999992,1.9607199999999994,220054
2008-06-12T00:00:00+00:00,1.9607199999999994,1.9675799999999992,1.9384399999999993,1.9573099999999992,199960
2008-06-19T00:00:00+00:00,1.9573099999999992,1.9766599999999992,1.9553399999999992,1.9725799999999993,175717
2008-06-26T00:00:00+00:00,1.9725799999999993,1.9982399999999996,1.9688699999999992,1.9905299999999992,195253
2008-07-03T00:00:00+00:00,1.9905299999999992,1.9912199999999993,1.9624299999999992,1.9806199999999994,179203
2008-07-10T00:00:00+00:00,1.9806199999999994,2.0128199999999996,1.9687899999999994,1.9965899999999992,219846
2008-07-17T00:00:00+00:00,1.9965899999999992,2.0051199999999993,1.9872499999999993,1.9968499999999993,226961
2008-07-24T00:00:00+00:00,1.9968499999999993,1.9969399999999993,1.9719599999999993,1.9792499999999993,209787
2008-07-31T00:00:00+00:00,1.9792499999999993,1.9903699999999993,1.9441599999999992,1.9451799999999992,206765
2008-08-07T00:00:00+00:00,1.9451799999999992,1.9512899999999993,1.8614599999999992,1.8677799999999993,279535
2008-08-14T00:00:00+00:00,1.8677799999999993,1.8762699999999992,1.8487099999999992,1.8593999999999993,214606
2008-08-21T00:00:00+00:00,1.8593999999999993,1.8768999999999993,1.8260599999999994,1.8329599999999993,220654
2008-08-28T00:00:00+00:00,1.8329599999999993,1.8376499999999993,1.7642299999999993,1.7739699999999994,254237
2008-09-04T00:00:00+00:00,1.7739699999999994,1.7950099999999993,1.7446299999999992,1.7502399999999994,316794
2008-09-11T00:00:00+00:00,1.7502399999999994,1.8219299999999994,1.7420399999999994,1.8144199999999993,333261
2008-09-18T00:00:00+00:00,1.8144199999999993,1.8616599999999992,1.7887299999999993,1.8438999999999992,304972
2008-09-25T00:00:00+00:00,1.8438999999999992,1.8644299999999994,1.7607999999999993,1.7671199999999994,291910
2008-10-02T00:00:00+00:00,1.7671199999999994,1.7813999999999992,1.7236299999999993,1.7276299999999993,342337
2008-10-09T00:00:00+00:00,1.7276299999999993,1.7605899999999992,1.6746399999999992,1.7240599999999993,308252
2008-10-16T00:00:00+00:00,1.7240599999999993,1.7492699999999992,1.6112499999999992,1.6234899999999992,311056
2008-10-23T00:00:00+00:00,1.6234899999999992,1.6450299999999993,1.5233499999999993,1.6344299999999994,368939
2008-10-30T00:00:00+00:00,1.6344299999999994,1.6647499999999993,1.5574999999999992,1.5874199999999994,338157
2008-11-06T00:00:00+00:00,1.5874199999999994,1.6013999999999993,1.4868499999999993,1.4936699999999994,310276
2008-11-13T00:00:00+00:00,1.4936699999999994,1.5225299999999993,1.4533699999999994,1.4925699999999993,356121
2008-11-20T00:00:00+00:00,1.4925699999999993,1.5510199999999992,1.4677099999999992,1.5296099999999992,350146
2008-11-27T00:00:00+00:00,1.5296099999999992,1.5487699999999993,1.4640199999999992,1.4757499999999992,288351
2008-12-04T00:00:00+00:00,1.4757499999999992,1.5023599999999993,1.4441799999999994,1.4756799999999992,310450
2008-12-11T00:00:00+00:00,1.4756799999999992,1.5698199999999993,1.4745999999999992,1.5507799999999994,357890
2008-12-18T00:00:00+00:00,1.5507799999999994,1.5590599999999992,1.4633199999999993,1.4685899999999994,285041
2008-12-25T00:00:00+00:00,1.4685899999999994,1.4769699999999992,1.4326299999999992,1.4517199999999992,157342
2009-01-01T00:00:00+00:00,1.4517199999999992,1.5257299999999994,1.4351999999999994,1.5063399999999993,265729
2009-01-08T00:00:00+00:00,1.5063399999999993,1.5349299999999992,1.4445499999999993,1.4584499999999994,362536
2009-01-15T00:00:00+00:00,1.4584499999999994,1.4955499999999993,1.3592799999999994,1.3925399999999992,393674
2009-01-22T00:00:00+00:00,1.3925399999999992,1.4351599999999993,1.3476799999999993,1.4221899999999992,412246
2009-01-29T00:00:00+00:00,1.4221899999999992,1.4552799999999992,1.4026899999999993,1.4441499999999994,375911
2009-02-05T00:00:00+00:00,1.4441499999999994,1.4960899999999993,1.4290199999999993,1.4369699999999992,377187
2009-02-12T00:00:00+00:00,1.4369699999999992,1.4580099999999994,1.4068199999999993,1.4185199999999993,319317
2009-02-19T00:00:00+00:00,1.4185199999999993,1.4636499999999992,1.4126599999999994,1.4167799999999993,337490
2009-02-26T00:00:00+00:00,1.4167799999999993,1.4359299999999993,1.3931799999999992,1.4168699999999992,313322
2009-03-05T00:00:00+00:00,1.4168699999999992,1.4281099999999993,1.3629099999999992,1.3847699999999994,322857
2009-03-12T00:00:00+00:00,1.3847699999999994,1.4271699999999994,1.3673699999999993,1.4245199999999993,313302
2009-03-19T00:00:00+00:00,1.4245199999999993,1.4753299999999994,1.4130399999999992,1.4525999999999992,334400
2009-03-26T00:00:00+00:00,1.4525999999999992,1.4612799999999992,1.4085899999999993,1.4439299999999993,298994
2009-04-02T00:00:00+00:00,1.4439299999999993,1.4933799999999993,1.4420299999999993,1.4690399999999992,307378
2009-04-09T00:00:00+00:00,1.4690399999999992,1.5012499999999993,1.4560699999999993,1.4971999999999992,190526
2009-04-16T00:00:00+00:00,1.4971999999999992,1.5044199999999992,1.4371399999999992,1.4464999999999992,266157
2009-04-23T00:00:00+00:00,1.4464999999999992,1.4789199999999993,1.4417499999999992,1.4744399999999993,292356
2009-04-30T00:00:00+00:00,1.4744399999999993,1.5137899999999993,1.4678199999999992,1.5109099999999993,289420
2009-05-07T00:00:00+00:00,1.5109099999999993,1.5328199999999992,1.4918199999999993,1.5131199999999994,323390
2009-05-14T00:00:00+00:00,1.5131199999999994,1.5768799999999994,1.5033799999999993,1.5725699999999994,319683
2009-05-21T00:00:00+00:00,1.5725699999999994,1.6060999999999992,1.5488599999999992,1.5926199999999993,295521
2009-05-28T00:00:00+00:00,1.5926199999999993,1.6638099999999993,1.5827299999999993,1.6289199999999993,372369
2009-06-04T00:00:00+00:00,1.6289199999999993,1.6448999999999994,1.5777399999999993,1.6331499999999992,344343
2009-06-11T00:00:00+00:00,1.6331499999999992,1.6597599999999992,1.6184199999999993,1.6372199999999992,322833
2009-06-18T00:00:00+00:00,1.6372199999999992,1.6577699999999993,1.6162299999999994,1.6379999999999992,294917
2009-06-25T00:00:00+00:00,1.6379999999999992,1.6719999999999993,1.6207399999999992,1.6452399999999994,285534
2009-07-02T00:00:00+00:00,1.6452399999999994,1.6475199999999992,1.5958599999999994,1.6045299999999993,264815
2009-07-09T00:00:00+00:00,1.6045299999999993,1.6443399999999992,1.6002999999999994,1.6393399999999994,299189
2009-07-16T00:00:00+00:00,1.6393399999999994,1.6532699999999994,1.6240399999999993,1.6461499999999993,268402
2009-07-23T00:00:00+00:00,1.6461499999999993,1.6561199999999994,1.6322099999999993,1.6352199999999992,250022
2009-07-30T00:00:00+00:00,1.6352199999999992,1.7017799999999992,1.6313299999999993,1.6960999999999993,281500
2009-08-06T00:00:00+00:00,1.6960999999999993,1.7004799999999993,1.6365499999999993,1.6452899999999993,285864
2009-08-13T00:00:00+00:00,1.6452899999999993,1.6643399999999993,1.6250699999999993,1.6502199999999994,301661
2009-08-20T00:00:00+00:00,1.6502199999999994,1.6600099999999993,1.6133999999999993,1.6223199999999993,294888
2009-08-27T00:00:00+00:00,1.6223199999999993,1.6356699999999993,1.6087699999999994,1.6246299999999994,315221
2009-09-03T00:00:00+00:00,1.6246299999999994,1.6567199999999993,1.6211799999999992,1.6518799999999993,244755
2009-09-10T00:00:00+00:00,1.6518799999999993,1.6716999999999993,1.6377699999999993,1.6460799999999993,290194
2009-09-17T00:00:00+00:00,1.6460799999999993,1.6543999999999992,1.6118899999999994,1.6323899999999993,288054
2009-09-24T00:00:00+00:00,1.6323899999999993,1.6372199999999992,1.5722999999999994,1.5932499999999994,371426
2009-10-01T00:00:00+00:00,1.5932499999999994,1.6000699999999994,1.5756799999999993,1.5920999999999994,315804
2009-10-08T00:00:00+00:00,1.5920999999999994,1.6073799999999994,1.5660599999999993,1.5930899999999995,306337
2009-10-15T00:00:00+00:00,1.5930899999999995,1.6590299999999993,1.5926099999999994,1.6558799999999994,322551
2009-10-22T00:00:00+00:00,1.6558799999999994,1.6647299999999994,1.6204799999999995,1.6326299999999994,323094
2009-10-29T00:00:00+00:00,1.6326299999999994,1.6557199999999994,1.6214299999999993,1.6503999999999994,325710
2009-11-05T00:00:00+00:00,1.6503999999999994,1.6796399999999994,1.6419499999999994,1.6525799999999993,277283
2009-11-12T00:00:00+00:00,1.6525799999999993,1.6831499999999995,1.6468199999999993,1.6698299999999995,264574
2009-11-19T00:00:00+00:00,1.6698299999999995,1.6703099999999993,1.6413699999999993,1.6657199999999994,266356
2009-11-26T00:00:00+00:00,1.6657199999999994,1.6682599999999994,1.6224599999999993,1.6579299999999995,264688
2009-12-03T00:00:00+00:00,1.6579299999999995,1.6675299999999993,1.6120199999999993,1.6212099999999994,291552
2009-12-10T00:00:00+00:00,1.6212099999999994,1.6364799999999993,1.6143499999999993,1.6285599999999993,251675
2009-12-17T00:00:00+00:00,1.6285599999999993,1.6293999999999993,1.5874599999999994,1.5905799999999994,244518
2009-12-24T00:00:00+00:00,1.5905799999999994,1.6048299999999993,1.5785199999999995,1.6028699999999994,112529
2009-12-31T00:00:00+00:00,1.6028699999999994,1.6195099999999993,1.5890799999999994,1.5969799999999994,206632
2010-01-07T00:00:00+00:00,1.5969799999999994,1.6260899999999994,1.5849699999999993,1.6231399999999994,280928
2010-01-14T00:00:00+00:00,1.6231399999999994,1.6411299999999993,1.6163899999999993,1.6241699999999994,283352
2010-01-21T00:00:00+00:00,1.6241699999999994,1.6265099999999995,1.6030199999999994,1.6119599999999994,296037
2010-01-28T00:00:00+00:00,1.6119599999999994,1.6229499999999994,1.5803699999999994,1.5843199999999993,280025
2010-02-04T00:00:00+00:00,1.5843199999999993,1.5872099999999993,1.5487299999999993,1.5546799999999994,330704
2010-02-11T00:00:00+00:00,1.5546799999999994,1.5769199999999994,1.5512799999999993,1.5623099999999994,264809
2010-02-18T00:00:00+00:00,1.5623099999999994,1.5640999999999994,1.5296699999999994,1.5358499999999993,296255
2010-02-25T00:00:00+00:00,1.5358499999999993,1.5375299999999994,1.4736099999999994,1.5049899999999994,339128
2010-03-04T00:00:00+00:00,1.5049899999999994,1.5148999999999995,1.4825699999999993,1.4927899999999994,270793
2010-03-11T00:00:00+00:00,1.4927899999999994,1.5335299999999994,1.4898699999999994,1.5270299999999994,267588
2010-03-18T00:00:00+00:00,1.5270299999999994,1.5281399999999994,1.4814299999999994,1.4816499999999995,284158
2010-03-25T00:00:00+00:00,1.4816499999999995,1.5157499999999993,1.4751699999999994,1.5134099999999995,259988
2010-04-01T00:00:00+00:00,1.5134099999999995,1.5272799999999993,1.5082299999999993,1.5191199999999994,186228
2010-04-08T00:00:00+00:00,1.5191199999999994,1.5444299999999993,1.5094899999999993,1.5418499999999993,252822
2010-04-15T00:00:00+00:00,1.5418499999999993,1.5476899999999993,1.5144699999999993,1.5362499999999994,253316
2010-04-22T00:00:00+00:00,1.5362499999999994,1.5450599999999994,1.5078499999999995,1.5160399999999994,316226
2010-04-29T00:00:00+00:00,1.5160399999999994,1.5344299999999993,1.5020199999999995,1.5052399999999995,290520
2010-05-06T00:00:00+00:00,1.5052399999999995,1.5101299999999993,1.4429099999999995,1.4775499999999995,481870
2010-05-13T00:00:00+00:00,1.4775499999999995,1.4870799999999993,1.4191199999999993,1.4395899999999995,442043
2010-05-20T00:00:00+00:00,1.4395899999999995,1.4481399999999993,1.4179899999999994,1.4337599999999995,419984
2010-05-27T00:00:00+00:00,1.4337599999999995,1.4723799999999994,1.4318999999999993,1.4603699999999993,332360
2010-06-03T00:00:00+00:00,1.4603699999999993,1.4696599999999993,1.4299799999999994,1.4481299999999995,338319
2010-06-10T00:00:00+00:00,1.4481299999999995,1.4808799999999993,1.4457699999999993,1.4682399999999993,356331
2010-06-17T00:00:00+00:00,1.4682399999999993,1.4926699999999993,1.4598199999999995,1.4908299999999994,584295
2010-06-24T00:00:00+00:00,1.4908299999999994,1.5082199999999994,1.4808899999999994,1.4899899999999995,312101
2010-07-01T00:00:00+00:00,1.4899899999999995,1.5181799999999994,1.4826599999999994,1.5142099999999994,267982
2010-07-08T00:00:00+00:00,1.5142099999999994,1.5250599999999994,1.4901699999999993,1.5219999999999994,278155
2010-07-15T00:00:00+00:00,1.5219999999999994,1.5425099999999994,1.5077599999999993,1.5115799999999995,290730
2010-07-22T00:00:00+00:00,1.5115799999999995,1.5591499999999994,1.5103399999999993,1.5547799999999994,357946
2010-07-29T00:00:00+00:00,1.5547799999999994,1.5921699999999994,1.5504899999999995,1.5834099999999993,341828
2010-08-05T00:00:00+00:00,1.5834099999999993,1.5951799999999994,1.5581599999999993,1.5610499999999994,318376
2010-08-12T00:00:00+00:00,1.5610499999999994,1.5667499999999994,1.5451199999999994,1.5546399999999994,312599
2010-08-19T00:00:00+00:00,1.5546399999999994,1.5624799999999994,1.5325699999999993,1.5418399999999994,334795
2010-08-26T00:00:00+00:00,1.5418399999999994,1.5550999999999993,1.5279999999999994,1.5406099999999994,300884
2010-09-02T00:00:00+00:00,1.5406099999999994,1.5486399999999994,1.5250099999999993,1.5422299999999993,266686
2010-09-09T00:00:00+00:00,1.5422299999999993,1.5605399999999994,1.5298299999999994,1.5573899999999994,302472
2010-09-16T00:00:00+00:00,1.5573899999999994,1.5682599999999993,1.5456399999999995,1.5616399999999995,314897
2010-09-23T00:00:00+00:00,1.5616399999999995,1.5848999999999993,1.5564499999999994,1.5737899999999994,339262
2010-09-30T00:00:00+00:00,1.5737899999999994,1.5893499999999994,1.5623099999999994,1.5841999999999994,424223
2010-10-07T00:00:00+00:00,1.5841999999999994,1.5971199999999994,1.5708099999999994,1.5849799999999994,518870
2010-10-14T00:00:00+00:00,1.5849799999999994,1.6059999999999994,1.5602899999999993,1.5801099999999995,531758
2010-10-21T00:00:00+00:00,1.5801099999999995,1.5849599999999995,1.5604599999999993,1.5719899999999993,511764
2010-10-28T00:00:00+00:00,1.5719899999999993,1.6123799999999995,1.5715499999999993,1.6035199999999994,475295
2010-11-04T00:00:00+00:00,1.6035199999999994,1.6252299999999993,1.5904499999999995,1.6072899999999994,487467
2010-11-11T00:00:00+00:00,1.6072899999999994,1.6137299999999994,1.5791599999999995,1.5858899999999994,502141
2010-11-18T00:00:00+00:00,1.5858899999999994,1.6047499999999995,1.5694499999999993,1.5723899999999993,447893
2010-11-25T00:00:00+00:00,1.5723899999999993,1.5747299999999993,1.5437899999999993,1.5573399999999993,452881
2010-12-02T00:00:00+00:00,1.5573399999999993,1.5789999999999993,1.5465299999999993,1.5757799999999993,461868
2010-12-09T00:00:00+00:00,1.5757799999999993,1.5864599999999993,1.5483899999999993,1.5497499999999993,430519
2010-12-16T00:00:00+00:00,1.5497499999999993,1.5599999999999994,1.5309499999999994,1.5336199999999993,368073
2010-12-23T00:00:00+00:00,1.5336199999999993,1.5471399999999993,1.5297899999999993,1.5450399999999993,219885
2010-12-30T00:00:00+00:00,1.5450399999999993,1.5618599999999994,1.5319999999999994,1.5468799999999994,267506
2011-01-06T00:00:00+00:00,1.5468799999999994,1.5734299999999994,1.5358799999999995,1.5720799999999995,447515
2011-01-13T00:00:00+00:00,1.5720799999999995,1.6013299999999995,1.5671499999999994,1.5947599999999993,369924
2011-01-20T00:00:00+00:00,1.5947599999999993,1.5970699999999993,1.5703999999999994,1.5884699999999994,397815
2011-01-27T00:00:00+00:00,1.5884699999999994,1.6184299999999994,1.5774899999999994,1.6141799999999993,428118
2011-02-03T00:00:00+00:00,1.6141799999999993,1.6231499999999994,1.5981099999999995,1.6052499999999994,427726
2011-02-10T00:00:00+00:00,1.6052499999999994,1.6138499999999993,1.5916099999999993,1.6044099999999994,447668
2011-02-17T00:00:00+00:00,1.6044099999999994,1.6227599999999993,1.6028099999999994,1.6160999999999994,352553
2011-02-24T00:00:00+00:00,1.6160999999999994,1.6297299999999995,1.5984099999999994,1.6275899999999994,366208
2011-03-03T00:00:00+00:00,1.6275899999999994,1.6294999999999993,1.6078299999999994,1.6152299999999993,288509
2011-03-10T00:00:00+00:00,1.6152299999999993,1.6166499999999995,1.5930299999999993,1.5975299999999995,415200
2011-03-17T00:00:00+00:00,1.5975299999999995,1.6354399999999993,1.5935199999999994,1.6187299999999993,356020
2011-03-24T00:00:00+00:00,1.6187299999999993,1.6220199999999994,1.5889699999999993,1.6023299999999994,343744
2011-03-31T00:00:00+00:00,1.6023299999999994,1.6316999999999993,1.5925499999999995,1.6284299999999994,336529
2011-04-07T00:00:00+00:00,1.6284299999999994,1.6381199999999994,1.6180699999999995,1.6220299999999994,333631
2011-04-14T00:00:00+00:00,1.6220299999999994,1.6378899999999994,1.6118899999999994,1.6360299999999994,354499
2011-04-21T00:00:00+00:00,1.6360299999999994,1.6589999999999994,1.6339699999999995,1.6578199999999994,230182
2011-04-28T00:00:00+00:00,1.6578199999999994,1.6699099999999993,1.6405499999999993,1.6441299999999994,351676
2011-05-05T00:00:00+00:00,1.6441299999999994,1.6497099999999993,1.6223299999999994,1.6296299999999995,563985
2011-05-12T00:00:00+00:00,1.6296299999999995,1.6332899999999995,1.6058499999999993,1.6120299999999994,505170
2011-05-19T00:00:00+00:00,1.6120299999999994,1.6258299999999994,1.6010299999999993,1.6226699999999994,521849
2011-05-26T00:00:00+00:00,1.6226699999999994,1.6500199999999994,1.6217599999999994,1.6287199999999993,405162
2011-06-02T00:00:00+00:00,1.6287199999999993,1.6425799999999993,1.6239199999999994,1.6354799999999994,437538
2011-06-09T00:00:00+00:00,1.6354799999999994,1.6419099999999993,1.6121899999999993,1.6144799999999995,421378
2011-06-16T00:00:00+00:00,1.6144799999999995,1.6216299999999995,1.6013799999999994,1.6023599999999993,418214
2011-06-23T00:00:00+00:00,1.6023599999999993,1.6028099999999994,1.5864899999999993,1.6014199999999994,452633
2011-06-30T00:00:00+00:00,1.6014199999999994,1.6093599999999995,1.5901199999999993,1.5954799999999993,366183
2011-07-07T00:00:00+00:00,1.5954799999999993,1.6074499999999994,1.5732699999999993,1.6061099999999993,487410
2011-07-14T00:00:00+00:00,1.6061099999999993,1.6147499999999995,1.5958099999999993,1.6106599999999993,448337
2011-07-21T00:00:00+00:00,1.6106599999999993,1.6392599999999993,1.6073999999999993,1.6283699999999994,395235
2011-07-28T00:00:00+00:00,1.6283699999999994,1.6428399999999994,1.6177499999999994,1.6379299999999994,478337
2011-08-04T00:00:00+00:00,1.6379299999999994,1.6431299999999993,1.6076399999999993,1.6085299999999993,652703
2011-08-11T00:00:00+00:00,1.6085299999999993,1.6545699999999994,1.6064599999999993,1.6494299999999993,357847
2011-08-18T00:00:00+00:00,1.6494299999999993,1.6570999999999994,1.6318999999999995,1.6326799999999995,342840
2011-08-25T00:00:00+00:00,1.6326799999999995,1.6407699999999994,1.6160999999999994,1.6196099999999993,275903
2011-09-01T00:00:00+00:00,1.6196099999999993,1.6213399999999993,1.5871499999999994,1.5943599999999993,408615
2011-09-08T00:00:00+00:00,1.5943599999999993,1.6036499999999994,1.5659399999999994,1.5719199999999993,506148
2011-09-15T00:00:00+00:00,1.5719199999999993,1.5821899999999993,1.5439399999999994,1.5452299999999994,496976
2011-09-22T00:00:00+00:00,1.5452299999999994,1.5658899999999993,1.5280999999999993,1.5528899999999994,677144
2011-09-29T00:00:00+00:00,1.5528899999999994,1.5668999999999993,1.5293199999999993,1.5410599999999994,782227
2011-10-06T00:00:00+00:00,1.5410599999999994,1.5751399999999993,1.5224299999999993,1.5703199999999993,641703
2011-10-13T00:00:00+00:00,1.5703199999999993,1.5805499999999995,1.5584499999999994,1.5725799999999994,575371
2011-10-20T00:00:00+00:00,1.5725799999999994,1.5995099999999993,1.5634299999999994,1.5928099999999994,551704
2011-10-27T00:00:00+00:00,1.5928099999999994,1.6119499999999993,1.5843699999999994,1.5899799999999993,548136
2011-11-03T00:00:00+00:00,1.5899799999999993,1.6083499999999993,1.5828999999999993,1.5858599999999994,508657
2011-11-10T00:00:00+00:00,1.5858599999999994,1.6046399999999994,1.5674999999999994,1.5679999999999994,482226
2011-11-17T00:00:00+00:00,1.5679999999999994,1.5841399999999994,1.5448199999999994,1.5474999999999994,582500
2011-11-24T00:00:00+00:00,1.5474999999999994,1.5733299999999995,1.5376499999999993,1.5651199999999994,547284
2011-12-01T00:00:00+00:00,1.5651199999999994,1.5709299999999993,1.5514799999999993,1.5663199999999993,484536
2011-12-08T00:00:00+00:00,1.5663199999999993,1.5722899999999993,1.5361599999999993,1.5417899999999993,527034
2011-12-15T00:00:00+00:00,1.5417899999999993,1.5727399999999994,1.5386799999999994,1.5623699999999994,494360
2011-12-22T00:00:00+00:00,1.5623699999999994,1.5682099999999994,1.5394599999999994,1.5406099999999994,273624
2011-12-29T00:00:00+00:00,1.5406099999999994,1.5622899999999993,1.5314199999999993,1.5568799999999994,322866
2012-01-05T00:00:00+00:00,1.5568799999999994,1.5582699999999994,1.5262399999999994,1.5280399999999994,477112
2012-01-12T00:00:00+00:00,1.5280399999999994,1.5395199999999993,1.5186499999999994,1.5388899999999994,539917
2012-01-19T00:00:00+00:00,1.5388899999999994,1.5631599999999994,1.5368599999999994,1.5607399999999994,517527
2012-01-26T00:00:00+00:00,1.5607399999999994,1.5835999999999995,1.5594699999999995,1.5784899999999993,510924
2012-02-02T00:00:00+00:00,1.5784899999999993,1.5882099999999995,1.5683199999999993,1.5768999999999993,516174
2012-02-09T00:00:00+00:00,1.5768999999999993,1.5838499999999993,1.5597899999999993,1.5643099999999994,504870
2012-02-16T00:00:00+00:00,1.5643099999999994,1.5833699999999993,1.5601699999999994,1.5619999999999994,438311
2012-02-23T00:00:00+00:00,1.5619999999999994,1.5945499999999995,1.5603399999999994,1.5853799999999993,456599
2012-03-01T00:00:00+00:00,1.5853799999999993,1.5928599999999993,1.5649899999999994,1.5692599999999994,363533
2012-03-08T00:00:00+00:00,1.5692599999999994,1.5786699999999994,1.5555599999999994,1.5627199999999994,358841
2012-03-15T00:00:00+00:00,1.5627199999999994,1.5876199999999994,1.5587399999999993,1.5824499999999995,347640
2012-03-22T00:00:00+00:00,1.5824499999999995,1.5954299999999995,1.5722799999999995,1.5838899999999994,379735
2012-03-29T00:00:00+00:00,1.5838899999999994,1.6015899999999994,1.5785999999999993,1.5840399999999994,401596
2012-04-05T00:00:00+00:00,1.5840399999999994,1.5891199999999994,1.5758299999999994,1.5857099999999993,316251
2012-04-12T00:00:00+00:00,1.5857099999999993,1.5995199999999994,1.5772199999999994,1.5972099999999994,402701
2012-04-19T00:00:00+00:00,1.5972099999999994,1.6135999999999995,1.5962399999999994,1.6115899999999994,362814
2012-04-26T00:00:00+00:00,1.6115899999999994,1.6254599999999995,1.6106499999999995,1.6149499999999994,341790
2012-05-03T00:00:00+00:00,1.6149499999999994,1.6168999999999993,1.6019499999999993,1.6080899999999994,394114
2012-05-10T00:00:00+00:00,1.6080899999999994,1.6135299999999995,1.5842599999999993,1.5863799999999995,431625
2012-05-17T00:00:00+00:00,1.5863799999999995,1.5885699999999994,1.5624399999999994,1.5644199999999995,476831
2012-05-24T00:00:00+00:00,1.5644199999999995,1.5679699999999994,1.5428299999999995,1.5428399999999993,439113
2012-05-31T00:00:00+00:00,1.5428399999999993,1.5479399999999994,1.5221599999999993,1.5445599999999993,443329
2012-06-07T00:00:00+00:00,1.5445599999999993,1.5554199999999994,1.5357099999999995,1.5454299999999994,471376
2012-06-14T00:00:00+00:00,1.5454299999999994,1.5731099999999993,1.5425899999999995,1.5668199999999994,480534
2012-06-21T00:00:00+00:00,1.5668199999999994,1.5686799999999994,1.5491899999999994,1.5518099999999995,432420
2012-06-28T00:00:00+00:00,1.5518099999999995,1.5674899999999994,1.5438299999999994,1.5537199999999993,420583
2012-07-05T00:00:00+00:00,1.5537199999999993,1.5576099999999993,1.5414199999999993,1.5452499999999993,360760
2012-07-12T00:00:00+00:00,1.5452499999999993,1.5630999999999993,1.5346099999999994,1.5600199999999993,319302
2012-07-19T00:00:00+00:00,1.5600199999999993,1.5690399999999993,1.5411599999999994,1.5449299999999995,392912
2012-07-26T00:00:00+00:00,1.5449299999999995,1.5721099999999995,1.5424099999999994,1.5487499999999994,462515
2012-08-02T00:00:00+00:00,1.5487499999999994,1.5637099999999993,1.5443699999999994,1.5608899999999994,443697
2012-08-09T00:00:00+00:00,1.5608899999999994,1.5682099999999994,1.5530499999999994,1.5630899999999994,328644
2012-08-16T00:00:00+00:00,1.5630899999999994,1.5835799999999993,1.5589599999999995,1.5829599999999995,316605
2012-08-23T00:00:00+00:00,1.5829599999999995,1.5865899999999993,1.5706899999999995,1.5782799999999995,286545
2012-08-30T00:00:00+00:00,1.5782799999999995,1.5887399999999994,1.5724099999999994,1.5851099999999994,301962
2012-09-06T00:00:00+00:00,1.5851099999999994,1.6084499999999993,1.5834999999999995,1.6058299999999994,371921
2012-09-13T00:00:00+00:00,1.6058299999999994,1.6226699999999994,1.6022599999999994,1.6173599999999995,407653
2012-09-20T00:00:00+00:00,1.6173599999999995,1.6262899999999993,1.6090499999999994,1.6116799999999993,422226
2012-09-27T00:00:00+00:00,1.6116799999999993,1.6225399999999994,1.6020199999999993,1.6028899999999995,439055
2012-10-04T00:00:00+00:00,1.6028899999999995,1.6170499999999994,1.5929699999999993,1.5957299999999994,337096
2012-10-11T00:00:00+00:00,1.5957299999999994,1.6131699999999993,1.5937499999999993,1.6098799999999993,313844
2012-10-18T00:00:00+00:00,1.6098799999999993,1.6124099999999995,1.5866799999999994,1.5990199999999994,316328
2012-10-25T00:00:00+00:00,1.5990199999999994,1.6096899999999994,1.5960199999999993,1.6079299999999994,287156
2012-11-01T00:00:00+00:00,1.6079299999999994,1.6128199999999995,1.5907799999999994,1.5939399999999995,332058
2012-11-08T00:00:00+00:00,1.5939399999999995,1.5972799999999994,1.5791399999999993,1.5793699999999993,323203
2012-11-15T00:00:00+00:00,1.5793699999999993,1.5909099999999994,1.5776499999999993,1.5904499999999995,295424
2012-11-22T00:00:00+00:00,1.5904499999999995,1.6009799999999994,1.5871999999999993,1.5969399999999994,291577
2012-11-29T00:00:00+00:00,1.5969399999999994,1.6083999999999994,1.5942699999999994,1.6047099999999994,310463
2012-12-06T00:00:00+00:00,1.6047099999999994,1.6125299999999994,1.5955199999999994,1.6101999999999994,294181
2012-12-13T00:00:00+00:00,1.6101999999999994,1.6259899999999994,1.6037599999999994,1.6199099999999993,292989
2012-12-20T00:00:00+00:00,1.6199099999999993,1.6249399999999994,1.6054399999999993,1.6090099999999994,211632
2012-12-27T00:00:00+00:00,1.6090099999999994,1.6295499999999994,1.6020199999999993,1.6207099999999994,252333
2013-01-03T00:00:00+00:00,1.6207099999999994,1.6208699999999994,1.5945899999999993,1.5974799999999993,358768
2013-01-10T00:00:00+00:00,1.5974799999999993,1.6132599999999995,1.5928599999999993,1.5959099999999993,419031
2013-01-17T00:00:00+00:00,1.5959099999999993,1.5992299999999993,1.5755299999999994,1.5798399999999995,376421
2013-01-24T00:00:00+00:00,1.5798399999999995,1.5804899999999993,1.5627799999999994,1.5753199999999994,356475
2013-01-31T00:00:00+00:00,1.5753199999999994,1.5831899999999994,1.5588599999999995,1.5616099999999995,364633
2013-02-07T00:00:00+00:00,1.5616099999999995,1.5802699999999994,1.5473999999999994,1.5491199999999994,379091
2013-02-14T00:00:00+00:00,1.5491199999999994,1.5501099999999994,1.5150899999999994,1.5193699999999994,351047
2013-02-21T00:00:00+00:00,1.5193699999999994,1.5282099999999994,1.5091999999999994,1.5213199999999996,484606
2013-02-28T00:00:00+00:00,1.5213199999999996,1.5279499999999995,1.5042899999999995,1.5074399999999997,389809
2013-03-07T00:00:00+00:00,1.5074399999999997,1.5139399999999996,1.4887299999999994,1.4977699999999996,393811
2013-03-14T00:00:00+00:00,1.4977699999999996,1.5240099999999996,1.4966999999999995,1.5151799999999995,480319
2013-03-21T00:00:00+00:00,1.5151799999999995,1.5310799999999996,1.5142399999999996,1.5178399999999996,412304
2013-03-28T00:00:00+00:00,1.5178399999999996,1.5320599999999998,1.5137799999999997,1.5193999999999996,275126
2013-04-04T00:00:00+00:00,1.5193999999999996,1.5450799999999996,1.5095299999999996,1.5428799999999996,399570
2013-04-11T00:00:00+00:00,1.5428799999999996,1.5511699999999995,1.5317999999999996,1.5340399999999996,419972
2013-04-18T00:00:00+00:00,1.5340399999999996,1.5469199999999996,1.5297699999999996,1.5367299999999997,392882
2013-04-25T00:00:00+00:00,1.5367299999999997,1.5697199999999996,1.5362299999999995,1.5645099999999994,369995
2013-05-02T00:00:00+00:00,1.5645099999999994,1.5691799999999996,1.5536399999999995,1.5625099999999994,371384
2013-05-09T00:00:00+00:00,1.5625099999999994,1.5678399999999995,1.5277199999999995,1.5337899999999995,614071
2013-05-16T00:00:00+00:00,1.5337899999999995,1.5426399999999996,1.5105399999999993,1.5134399999999995,607216
2013-05-23T00:00:00+00:00,1.5134399999999995,1.5233699999999994,1.5085599999999995,1.5205299999999995,417047
2013-05-30T00:00:00+00:00,1.5205299999999995,1.5476299999999996,1.5187599999999994,1.5472799999999995,483857
2013-06-06T00:00:00+00:00,1.5472799999999995,1.5806099999999996,1.5448699999999995,1.5782899999999995,530914
2013-06-13T00:00:00+00:00,1.5782899999999995,1.5843599999999995,1.5525599999999995,1.5560599999999996,418121
2013-06-20T00:00:00+00:00,1.5560599999999996,1.5605799999999996,1.5418199999999995,1.5434199999999996,503782
2013-06-27T00:00:00+00:00,1.5434199999999996,1.5466699999999995,1.5258999999999994,1.5407199999999994,391427
2013-07-04T00:00:00+00:00,1.5407199999999994,1.5416199999999993,1.4954999999999994,1.5149399999999995,415212
2013-07-11T00:00:00+00:00,1.5149399999999995,1.5409199999999994,1.5136599999999996,1.5353599999999994,496664
2013-07-18T00:00:00+00:00,1.5353599999999994,1.5530799999999993,1.5299399999999994,1.5453399999999995,376834
2013-07-25T00:00:00+00:00,1.5453399999999995,1.5572899999999994,1.5263399999999996,1.5347099999999996,375231
2013-08-01T00:00:00+00:00,1.5347099999999996,1.5670299999999995,1.5241799999999996,1.5626599999999995,440803
2013-08-08T00:00:00+00:00,1.5626599999999995,1.5713599999999994,1.5583599999999997,1.5661399999999996,334897
2013-08-15T00:00:00+00:00,1.5661399999999996,1.5888999999999998,1.5656599999999996,1.5831499999999996,401718
2013-08-22T00:00:00+00:00,1.5831499999999996,1.5833699999999997,1.5600299999999998,1.56991,342261
2013-08-29T00:00:00+00:00,1.56991,1.5788899999999997,1.56357,1.5765399999999998,320573
2013-09-05T00:00:00+00:00,1.5765399999999998,1.5981799999999995,1.5702499999999997,1.5970099999999996,318758
2013-09-12T00:00:00+00:00,1.5970099999999996,1.6260299999999999,1.5927199999999997,1.6239699999999997,347873
2013-09-19T00:00:00+00:00,1.6239699999999997,1.6247799999999997,1.6055299999999997,1.6180699999999997,325305
2013-09-26T00:00:00+00:00,1.6180699999999997,1.6356599999999994,1.6099599999999996,1.6319599999999994,338944
2013-10-03T00:00:00+00:00,1.6319599999999994,1.6337099999999996,1.6001699999999994,1.6040799999999995,317354
2013-10-10T00:00:00+00:00,1.6040799999999995,1.6120699999999994,1.5957699999999995,1.6010799999999994,290157
2013-10-17T00:00:00+00:00,1.6010799999999994,1.6317199999999994,1.6002899999999995,1.6223699999999994,290315
2013-10-24T00:00:00+00:00,1.6223699999999994,1.6307399999999994,1.6060999999999994,1.6101199999999996,308402
2013-10-31T00:00:00+00:00,1.6101199999999996,1.6174999999999995,1.5960699999999994,1.6136099999999995,312719
2013-11-07T00:00:00+00:00,1.6136099999999995,1.6171199999999994,1.5927499999999994,1.6128799999999996,362309
2013-11-14T00:00:00+00:00,1.6128799999999996,1.6248399999999994,1.6061599999999996,1.6174199999999994,338233
2013-11-21T00:00:00+00:00,1.6174199999999994,1.6401499999999993,1.6142799999999995,1.6356699999999993,312798
2013-11-28T00:00:00+00:00,1.6356699999999993,1.6510199999999995,1.6348199999999993,1.6449599999999993,522550
2013-12-05T00:00:00+00:00,1.6449599999999993,1.6533299999999995,1.6359499999999993,1.6442099999999995,622645
2013-12-12T00:00:00+00:00,1.6442099999999995,1.6557299999999997,1.6287399999999996,1.6460899999999996,619772
2013-12-19T00:00:00+00:00,1.6460899999999996,1.6468899999999997,1.6384299999999996,1.6431399999999998,363542
2013-12-26T00:00:00+00:00,1.6431399999999998,1.6641299999999997,1.6431399999999998,1.6634699999999998,316981
2014-01-02T00:00:00+00:00,1.6634699999999998,1.6666999999999996,1.6420199999999996,1.6530299999999996,568680
2014-01-09T00:00:00+00:00,1.6530299999999996,1.6599699999999995,1.6407599999999998,1.6454599999999997,541451
2014-01-16T00:00:00+00:00,1.6454599999999997,1.6670899999999997,1.6394499999999996,1.6657399999999996,486054
2014-01-23T00:00:00+00:00,1.6657399999999996,1.6752499999999997,1.6534799999999996,1.6621499999999996,661207
2014-01-30T00:00:00+00:00,1.6621499999999996,1.6626699999999994,1.6329099999999994,1.6385499999999995,652565
2014-02-06T00:00:00+00:00,1.6385499999999995,1.6684799999999995,1.6349699999999996,1.6680299999999995,583633
2014-02-13T00:00:00+00:00,1.6680299999999995,1.6884999999999997,1.6675099999999996,1.6740499999999996,538302
2014-02-20T00:00:00+00:00,1.6740499999999996,1.6787899999999996,1.6635899999999995,1.6719199999999996,565371
2014-02-27T00:00:00+00:00,1.6719199999999996,1.6828199999999995,1.6668299999999996,1.6792799999999994,633951
2014-03-06T00:00:00+00:00,1.6792799999999994,1.6862799999999996,1.6628699999999996,1.6676299999999995,540379
2014-03-13T00:00:00+00:00,1.6676299999999995,1.6778499999999996,1.6576999999999995,1.6607599999999996,588092
2014-03-20T00:00:00+00:00,1.6607599999999996,1.6689799999999995,1.6544199999999996,1.6670599999999995,513876
2014-03-27T00:00:00+00:00,1.6670599999999995,1.6757099999999996,1.6647999999999996,1.6697699999999995,527882
2014-04-03T00:00:00+00:00,1.6697699999999995,1.6871099999999994,1.6623099999999995,1.6861999999999995,524034
2014-04-10T00:00:00+00:00,1.6861999999999995,1.6902699999999993,1.6741699999999993,1.6878599999999995,480133
2014-04-17T00:00:00+00:00,1.6878599999999995,1.6926699999999995,1.6847199999999993,1.6865599999999994,301968
2014-04-24T00:00:00+00:00,1.6865599999999994,1.6980799999999994,1.6849899999999993,1.6950799999999993,415114
2014-05-01T00:00:00+00:00,1.6950799999999993,1.707049999999999,1.6901099999999993,1.702439999999999,416961
2014-05-08T00:00:00+00:00,1.702439999999999,1.7048899999999991,1.6829699999999994,1.6841499999999994,527446
2014-05-15T00:00:00+00:00,1.6841499999999994,1.6991399999999994,1.6807599999999994,1.6967299999999994,509096
2014-05-22T00:00:00+00:00,1.6967299999999994,1.6987699999999994,1.6760599999999992,1.6771199999999993,408572
2014-05-29T00:00:00+00:00,1.6771199999999993,1.6840499999999994,1.6746399999999995,1.6781699999999995,473237
2014-06-05T00:00:00+00:00,1.6781699999999995,1.6893899999999995,1.6769699999999994,1.6828799999999995,577119
2014-06-12T00:00:00+00:00,1.6828799999999995,1.7044599999999994,1.6828099999999995,1.7025399999999995,669106
2014-06-19T00:00:00+00:00,1.7025399999999995,1.7096699999999994,1.6993199999999993,1.7023899999999994,529820
2014-06-26T00:00:00+00:00,1.7023899999999994,1.7221499999999992,1.7011899999999993,1.7208399999999993,465282
2014-07-03T00:00:00+00:00,1.7208399999999993,1.7223899999999992,1.7120899999999992,1.7190699999999994,479943
2014-07-10T00:00:00+00:00,1.7190699999999994,1.7226799999999993,1.7094499999999992,1.7170099999999993,579003
2014-07-17T00:00:00+00:00,1.7170099999999993,1.7178899999999993,1.7057599999999993,1.7076199999999992,519935
2014-07-24T00:00:00+00:00,1.7076199999999992,1.7086999999999992,1.6916899999999992,1.6939799999999992,508823
2014-07-31T00:00:00+00:00,1.6939799999999992,1.6954199999999993,1.6837699999999993,1.6873599999999993,561946
2014-08-07T00:00:00+00:00,1.6873599999999993,1.6887899999999993,1.6702799999999995,1.6704499999999995,497356
2014-08-14T00:00:00+00:00,1.6704499999999995,1.6718999999999995,1.6565599999999996,1.6570699999999996,466528
2014-08-21T00:00:00+00:00,1.6570699999999996,1.6603099999999997,1.6532799999999996,1.6572699999999996,487655
2014-08-28T00:00:00+00:00,1.6572699999999996,1.6644599999999996,1.6440199999999996,1.6460499999999996,605930
2014-09-04T00:00:00+00:00,1.6460499999999996,1.6466099999999995,1.6215099999999993,1.6372299999999995,956786
2014-09-11T00:00:00+00:00,1.6372299999999995,1.6514899999999995,1.6318299999999994,1.6425999999999994,962842
2014-09-18T00:00:00+00:00,1.6425999999999994,1.6680899999999994,1.6402699999999995,1.6485499999999993,1069153
2014-09-25T00:00:00+00:00,1.6485499999999993,1.6488299999999994,1.6311499999999992,1.6334199999999992,892233
2014-10-02T00:00:00+00:00,1.6334199999999992,1.6399999999999992,1.6101599999999991,1.6321599999999994,913901
2014-10-09T00:00:00+00:00,1.6321599999999994,1.6381799999999993,1.6027899999999995,1.6171199999999994,1211091
2014-10-16T00:00:00+00:00,1.6171199999999994,1.6322499999999993,1.6094199999999994,1.6187999999999994,1078353
2014-10-23T00:00:00+00:00,1.6187999999999994,1.6329099999999992,1.6132699999999993,1.6157599999999992,776965
2014-10-30T00:00:00+00:00,1.6157599999999992,1.620339999999999,1.604899999999999,1.6155499999999992,989969
2014-11-06T00:00:00+00:00,1.6155499999999992,1.618249999999999,1.594349999999999,1.5943699999999992,1092286
2014-11-13T00:00:00+00:00,1.5943699999999992,1.5949499999999992,1.5742399999999992,1.5834299999999992,979552
2014-11-20T00:00:00+00:00,1.5834299999999992,1.5976199999999992,1.5778599999999992,1.5960799999999993,1236424
2014-11-27T00:00:00+00:00,1.5960799999999993,1.5995999999999992,1.5758699999999992,1.5858899999999991,1241164
2014-12-04T00:00:00+00:00,1.5858899999999991,1.5907099999999992,1.572929999999999,1.5903399999999992,1397912
2014-12-11T00:00:00+00:00,1.5903399999999992,1.596609999999999,1.572019999999999,1.575349999999999,1496524
2014-12-18T00:00:00+00:00,1.575349999999999,1.586229999999999,1.5665699999999991,1.573629999999999,1042290
2014-12-25T00:00:00+00:00,1.573629999999999,1.579569999999999,1.567589999999999,1.575029999999999,650858
2015-01-01T00:00:00+00:00,1.575029999999999,1.575029999999999,1.5253599999999987,1.5308999999999988,1053866
2015-01-08T00:00:00+00:00,1.5308999999999988,1.5449299999999986,1.5233399999999988,1.5410199999999987,1306983
2015-01-15T00:00:00+00:00,1.5410199999999987,1.5446799999999987,1.5247899999999988,1.5331899999999987,1651151
2015-01-22T00:00:00+00:00,1.5331899999999987,1.5403099999999987,1.5141899999999988,1.5301799999999988,1441946
2015-01-29T00:00:00+00:00,1.5301799999999988,1.5373699999999988,1.5110899999999987,1.5301699999999987,1003271
2015-02-05T00:00:00+00:00,1.5301699999999987,1.5474899999999987,1.5287999999999988,1.5361699999999987,832916
2015-02-12T00:00:00+00:00,1.5361699999999987,1.5570199999999987,1.5340999999999987,1.5526099999999987,871931
2015-02-19T00:00:00+00:00,1.5526099999999987,1.5634999999999986,1.5429399999999986,1.5623999999999987,689450
2015-02-26T00:00:00+00:00,1.5623999999999987,1.5649299999999986,1.5364099999999985,1.5375899999999987,649651
2015-03-05T00:00:00+00:00,1.5375899999999987,1.5382299999999987,1.4995399999999985,1.5029599999999985,894230
2015-03-12T00:00:00+00:00,1.5029599999999985,1.5271599999999985,1.4740799999999985,1.5082699999999984,953026
2015-03-19T00:00:00+00:00,1.5082699999999984,1.5115699999999985,1.4793999999999985,1.4969299999999988,1266320
2015-03-26T00:00:00+00:00,1.4969299999999988,1.5083599999999988,1.481329999999999,1.4896699999999987,1053274
2015-04-02T00:00:00+00:00,1.4896699999999987,1.505599999999999,1.4849599999999987,1.4940899999999988,765149
2015-04-09T00:00:00+00:00,1.4940899999999988,1.4960899999999988,1.465099999999999,1.492309999999999,1006381
2015-04-16T00:00:00+00:00,1.492309999999999,1.516969999999999,1.489719999999999,1.512459999999999,984747
2015-04-23T00:00:00+00:00,1.512459999999999,1.559939999999999,1.504989999999999,1.5533699999999988,1087763
2015-04-30T00:00:00+00:00,1.5533699999999988,1.559279999999999,1.5179199999999988,1.5334199999999987,1162615
2015-05-07T00:00:00+00:00,1.5334199999999987,1.585559999999999,1.5253899999999987,1.5830699999999989,1297708
2015-05-14T00:00:00+00:00,1.5830699999999989,1.5901199999999989,1.5522999999999987,1.5608299999999988,1244925
2015-05-21T00:00:00+00:00,1.5608299999999988,1.5776299999999988,1.5389399999999989,1.5438399999999988,1203842
2015-05-28T00:00:00+00:00,1.5438399999999988,1.5474199999999987,1.525729999999999,1.542649999999999,1295767
2015-06-04T00:00:00+00:00,1.542649999999999,1.564649999999999,1.527729999999999,1.562059999999999,1278968
2015-06-11T00:00:00+00:00,1.562059999999999,1.5948899999999988,1.551289999999999,1.5933299999999988,1241811
2015-06-18T00:00:00+00:00,1.5933299999999988,1.603209999999999,1.577219999999999,1.5806599999999988,1188595
2015-06-25T00:00:00+00:00,1.5806599999999988,1.5952399999999989,1.5751499999999987,1.5774099999999989,1573971
2015-07-02T00:00:00+00:00,1.5774099999999989,1.580989999999999,1.551149999999999,1.554099999999999,1426031
2015-07-09T00:00:00+00:00,1.554099999999999,1.587099999999999,1.5524899999999988,1.582829999999999,1505202
2015-07-16T00:00:00+00:00,1.582829999999999,1.586839999999999,1.572449999999999,1.580659999999999,1403879
2015-07-23T00:00:00+00:00,1.580659999999999,1.587799999999999,1.566199999999999,1.578499999999999,1440326
2015-07-30T00:00:00+00:00,1.578499999999999,1.586659999999999,1.570129999999999,1.577609999999999,1677782
2015-08-06T00:00:00+00:00,1.577609999999999,1.583559999999999,1.559989999999999,1.578419999999999,1626063
2015-08-13T00:00:00+00:00,1.578419999999999,1.588799999999999,1.573329999999999,1.584959999999999,1380149
2015-08-20T00:00:00+00:00,1.584959999999999,1.600239999999999,1.5635899999999991,1.5641299999999991,2150586
2015-08-27T00:00:00+00:00,1.5641299999999991,1.569169999999999,1.542389999999999,1.545259999999999,1539775
2015-09-03T00:00:00+00:00,1.545259999999999,1.5564999999999989,1.532259999999999,1.551849999999999,1307606
2015-09-10T00:00:00+00:00,1.551849999999999,1.5681999999999992,1.548329999999999,1.5641799999999992,1170564
2015-09-17T00:00:00+00:00,1.5641799999999992,1.5812599999999992,1.5375599999999991,1.5393299999999992,1245613
2015-09-24T00:00:00+00:00,1.5393299999999992,1.5443699999999991,1.525549999999999,1.5274399999999992,1261042
2015-10-01T00:00:00+00:00,1.5274399999999992,1.547209999999999,1.5254899999999991,1.5448599999999992,1251105
2015-10-08T00:00:00+00:00,1.5448599999999992,1.5627799999999992,1.5333599999999992,1.5609099999999991,1255870
2015-10-15T00:00:00+00:00,1.5609099999999991,1.564219999999999,1.5542699999999992,1.554279999999999,1145442
2015-10-22T00:00:00+00:00,1.554279999999999,1.563939999999999,1.537469999999999,1.538619999999999,1315955
2015-10-29T00:00:00+00:00,1.538619999999999,1.5597699999999992,1.536859999999999,1.5483099999999992,1115003
2015-11-05T00:00:00+00:00,1.5483099999999992,1.550229999999999,1.5127599999999992,1.5304699999999993,1030883
2015-11-12T00:00:00+00:00,1.5304699999999993,1.5362899999999993,1.5254399999999992,1.5335799999999993,963059
2015-11-19T00:00:00+00:00,1.5335799999999993,1.5435499999999993,1.5158399999999992,1.5232099999999993,985065
2015-11-26T00:00:00+00:00,1.5232099999999993,1.5235299999999992,1.4996499999999993,1.5052099999999993,1011536
2015-12-03T00:00:00+00:00,1.5052099999999993,1.5299699999999994,1.5005899999999994,1.5286499999999994,1489822
2015-12-10T00:00:00+00:00,1.5286499999999994,1.5347599999999995,1.5052699999999994,1.5095799999999995,1321241
2015-12-17T00:00:00+00:00,1.5095799999999995,1.5105999999999993,1.4888799999999993,1.4951199999999993,1128547
2015-12-24T00:00:00+00:00,1.4951199999999993,1.5037499999999993,1.4887899999999992,1.4914299999999991,622250
2015-12-31T00:00:00+00:00,1.4914299999999991,1.4946999999999993,1.4702399999999993,1.4732999999999994,898400
2016-01-07T00:00:00+00:00,1.4732999999999994,1.4747699999999992,1.4449199999999993,1.4502999999999993,1369279
2016-01-14T00:00:00+00:00,1.4502999999999993,1.4542599999999994,1.4223799999999993,1.4286299999999992,1433813
2016-01-21T00:00:00+00:00,1.4286299999999992,1.446639999999999,1.4177599999999992,1.433079999999999,1536078
2016-01-28T00:00:00+00:00,1.433079999999999,1.4741999999999993,1.424849999999999,1.4695099999999992,1648553
2016-02-04T00:00:00+00:00,1.4695099999999992,1.4761799999999992,1.4461199999999992,1.4632799999999992,1995410
2016-02-11T00:00:00+00:00,1.4632799999999992,1.468129999999999,1.4345899999999991,1.439769999999999,1970057
2016-02-18T00:00:00+00:00,1.439769999999999,1.455489999999999,1.412719999999999,1.4173799999999992,1993977
2016-02-25T00:00:00+00:00,1.4173799999999992,1.435459999999999,1.409669999999999,1.4336399999999991,1733710
2016-03-03T00:00:00+00:00,1.4336399999999991,1.4552699999999992,1.429349999999999,1.4481599999999992,1481127
2016-03-10T00:00:00+00:00,1.4481599999999992,1.4705299999999992,1.4331899999999993,1.4535499999999992,1597858
2016-03-17T00:00:00+00:00,1.4535499999999992,1.4793699999999992,1.4400899999999994,1.4432799999999995,1270215
2016-03-24T00:00:00+00:00,1.4432799999999995,1.4784499999999996,1.4376099999999994,1.4702399999999995,1010978
2016-03-31T00:00:00+00:00,1.4702399999999995,1.4751999999999996,1.4332599999999998,1.4448399999999997,1378570
2016-04-07T00:00:00+00:00,1.4448399999999997,1.4680499999999996,1.4367699999999997,1.4534999999999998,1441006
2016-04-14T00:00:00+00:00,1.4534999999999998,1.4750899999999998,1.4422899999999998,1.4660299999999997,1247802
2016-04-21T00:00:00+00:00,1.4660299999999997,1.4908599999999996,1.4629999999999996,1.4809799999999995,1488939
2016-04-28T00:00:00+00:00,1.4809799999999995,1.5065399999999995,1.4757199999999995,1.4787999999999994,1630671
2016-05-05T00:00:00+00:00,1.4787999999999994,1.4838599999999995,1.4681799999999996,1.4753699999999996,1485668
2016-05-12T00:00:00+00:00,1.4753699999999996,1.4946399999999993,1.4644199999999994,1.4908699999999995,1351659
2016-05-19T00:00:00+00:00,1.4908699999999995,1.5032599999999994,1.4745699999999993,1.4998799999999992,1366482
2016-05-26T00:00:00+00:00,1.4998799999999992,1.5042999999999993,1.4699699999999993,1.4728099999999993,1272062
2016-06-02T00:00:00+00:00,1.4728099999999993,1.5027199999999994,1.4712499999999993,1.4866399999999993,1396153
2016-06-09T00:00:00+00:00,1.4866399999999993,1.4891799999999993,1.4439399999999993,1.4552299999999994,1665673
2016-06-16T00:00:00+00:00,1.4552299999999994,1.5021499999999992,1.4361299999999992,1.4945099999999993,1892506
2016-06-23T00:00:00+00:00,1.4945099999999993,1.5256799999999993,1.3464499999999993,1.3901899999999991,2371150
2016-06-30T00:00:00+00:00,1.3901899999999991,1.3971399999999992,1.326929999999999,1.3408199999999992,1899001
2016-07-07T00:00:00+00:00,1.3408199999999992,1.381309999999999,1.3326299999999989,1.361999999999999,1864967
2016-07-14T00:00:00+00:00,1.361999999999999,1.395649999999999,1.351879999999999,1.365559999999999,1929038
2016-07-21T00:00:00+00:00,1.365559999999999,1.374449999999999,1.347409999999999,1.3638899999999992,1691338
2016-07-28T00:00:00+00:00,1.3638899999999992,1.377439999999999,1.353529999999999,1.372709999999999,1312513
2016-08-04T00:00:00+00:00,1.372709999999999,1.374829999999999,1.3346399999999992,1.3396899999999992,1154043
2016-08-11T00:00:00+00:00,1.3396899999999992,1.347229999999999,1.3252199999999992,1.342729999999999,1141596
2016-08-18T00:00:00+00:00,1.342729999999999,1.3681099999999993,1.340959999999999,1.3639299999999992,1201991
2016-08-25T00:00:00+00:00,1.3639299999999992,1.3687199999999993,1.348699999999999,1.356359999999999,1123547
2016-09-01T00:00:00+00:00,1.356359999999999,1.387179999999999,1.355589999999999,1.3765799999999988,1241231
2016-09-08T00:00:00+00:00,1.3765799999999988,1.3802099999999988,1.3560799999999986,1.3654499999999987,1206051
2016-09-15T00:00:00+00:00,1.3654499999999987,1.3701099999999986,1.3364699999999987,1.3446299999999987,1160061
2016-09-22T00:00:00+00:00,1.3446299999999987,1.3540199999999987,1.3330499999999987,1.3429999999999989,956934
2016-09-29T00:00:00+00:00,1.3429999999999989,1.3472399999999989,1.3155799999999989,1.3217399999999988,1075530
2016-10-06T00:00:00+00:00,1.3217399999999988,1.3230199999999988,1.2375199999999988,1.270529999999999,1972459
2016-10-13T00:00:00+00:00,1.270529999999999,1.2860599999999989,1.263579999999999,1.281189999999999,1812861
2016-10-20T00:00:00+00:00,1.281189999999999,1.2826299999999988,1.2622199999999988,1.278579999999999,1394115
2016-10-27T00:00:00+00:00,1.278579999999999,1.290299999999999,1.2654099999999988,1.285099999999999,1743329
2016-11-03T00:00:00+00:00,1.285099999999999,1.315759999999999,1.284489999999999,1.301699999999999,2161308
2016-11-10T00:00:00+00:00,1.301699999999999,1.328499999999999,1.298859999999999,1.3079799999999988,2652799
2016-11-17T00:00:00+00:00,1.3079799999999988,1.3150699999999989,1.294109999999999,1.307389999999999,2656447
2016-11-24T00:00:00+00:00,1.307389999999999,1.317769999999999,1.303179999999999,1.315249999999999,2209385
2016-12-01T00:00:00+00:00,1.315249999999999,1.3465499999999988,1.314749999999999,1.3314399999999988,1650122
2016-12-08T00:00:00+00:00,1.3314399999999988,1.341719999999999,1.3219199999999989,1.325159999999999,1639864
2016-12-15T00:00:00+00:00,1.325159999999999,1.325689999999999,1.300259999999999,1.304219999999999,1878919
2016-12-22T00:00:00+00:00,1.304219999999999,1.3068399999999991,1.2890799999999991,1.2914199999999991,981251
2016-12-29T00:00:00+00:00,1.2914199999999991,1.307829999999999,1.2889099999999991,1.301719999999999,1533348
2017-01-05T00:00:00+00:00,1.301719999999999,1.312289999999999,1.275989999999999,1.292959999999999,2158204
2017-01-12T00:00:00+00:00,1.292959999999999,1.3330699999999989,1.284309999999999,1.317349999999999,2488034
2017-01-19T00:00:00+00:00,1.317349999999999,1.3550099999999987,1.316639999999999,1.3540399999999988,2399054
2017-01-26T00:00:00+00:00,1.3540399999999988,1.3585099999999988,1.3285399999999987,1.3528599999999986,2221681
2017-02-02T00:00:00+00:00,1.3528599999999986,1.3579399999999986,1.3213599999999985,1.3403699999999985,1907538
2017-02-09T00:00:00+00:00,1.3403699999999985,1.3449299999999986,1.3250199999999985,1.3318499999999986,1550113
2017-02-16T00:00:00+00:00,1.3318499999999986,1.3390799999999985,1.3254699999999986,1.3316599999999987,1390100
2017-02-23T00:00:00+00:00,1.3316599999999987,1.3437599999999987,1.3133099999999986,1.3144899999999986,1335840
2017-03-02T00:00:00+00:00,1.3144899999999986,1.3161499999999986,1.2999999999999987,1.3029499999999985,1166233
2017-03-09T00:00:00+00:00,1.3029499999999985,1.3177899999999987,1.2978099999999986,1.3157699999999986,1349338
2017-03-16T00:00:00+00:00,1.3157699999999986,1.3386499999999986,1.3110399999999987,1.3363299999999985,1188694
2017-03-23T00:00:00+00:00,1.3363299999999985,1.3479699999999986,1.3240399999999986,1.3299499999999986,1209687
2017-03-30T00:00:00+00:00,1.3299499999999986,1.3424499999999986,1.3267499999999985,1.3352599999999986,1077209
2017-04-06T00:00:00+00:00,1.3352599999999986,1.3412999999999986,1.3230199999999985,1.3408699999999985,1096658
2017-04-13T00:00:00+00:00,1.3408699999999985,1.3763499999999986,1.3363499999999986,1.3636999999999986,1139400
2017-04-20T00:00:00+00:00,1.3636999999999986,1.3707199999999986,1.3600199999999985,1.3675399999999986,1166080
2017-04-27T00:00:00+00:00,1.3675399999999986,1.3796799999999985,1.3665599999999984,1.3714599999999983,1013775
2017-05-04T00:00:00+00:00,1.3714599999999983,1.3834999999999982,1.3678399999999984,1.3784999999999983,1253855
2017-05-11T00:00:00+00:00,1.3784999999999983,1.383929999999998,1.3691499999999983,1.3819199999999983,1393115
2017-05-18T00:00:00+00:00,1.3819199999999983,1.3933899999999981,1.3735699999999982,1.3867499999999982,1463035
2017-05-25T00:00:00+00:00,1.3867499999999982,1.3905099999999981,1.3665599999999982,1.3787399999999983,1180974
2017-06-01T00:00:00+00:00,1.3787399999999983,1.390089999999998,1.3726299999999982,1.389069999999998,1303028
2017-06-08T00:00:00+00:00,1.389069999999998,1.3907499999999982,1.356529999999998,1.370809999999998,1797694
2017-06-15T00:00:00+00:00,1.370809999999998,1.378819999999998,1.356279999999998,1.364449999999998,1350621
2017-06-22T00:00:00+00:00,1.364449999999998,1.3930299999999982,1.362719999999998,1.388089999999998,1354270
2017-06-29T00:00:00+00:00,1.388089999999998,1.4006199999999982,1.3874799999999983,1.3912699999999982,1389657
2017-07-06T00:00:00+00:00,1.3912699999999982,1.3965199999999982,1.3799199999999983,1.3871699999999982,1293526
2017-07-13T00:00:00+00:00,1.3871699999999982,1.4117799999999983,1.3868599999999982,1.4013399999999983,1327836
2017-07-20T00:00:00+00:00,1.4013399999999983,1.4116699999999984,1.3924399999999983,1.4111699999999983,1450300
2017-07-27T00:00:00+00:00,1.4111699999999983,1.4254699999999982,1.4045299999999983,1.4226699999999983,1490679
2017-08-03T00:00:00+00:00,1.4226699999999983,1.4271299999999982,1.3953999999999982,1.4001999999999983,1297326
2017-08-10T00:00:00+00:00,1.4001999999999983,1.4033399999999983,1.3844899999999982,1.3893399999999982,1373015
2017-08-17T00:00:00+00:00,1.3893399999999982,1.393249999999998,1.3795599999999981,1.3813999999999982,1247111
2017-08-24T00:00:00+00:00,1.3813999999999982,1.3947799999999981,1.3789899999999982,1.3892599999999982,1335072
2017-08-31T00:00:00+00:00,1.3892599999999982,1.404079999999998,1.382119999999998,1.400049999999998,1390753
2017-09-07T00:00:00+00:00,1.400049999999998,1.429579999999998,1.3991199999999981,1.417499999999998,1543347
2017-09-14T00:00:00+00:00,1.417499999999998,1.4649399999999981,1.4113199999999981,1.4484799999999982,1867639
2017-09-21T00:00:00+00:00,1.4484799999999982,1.4587799999999982,1.4359099999999985,1.4380499999999983,1635300
2017-09-28T00:00:00+00:00,1.4380499999999983,1.4451999999999983,1.4244199999999985,1.4266999999999983,1430217
2017-10-05T00:00:00+00:00,1.4266999999999983,1.4272599999999984,1.4049199999999984,1.4215799999999983,1173421
2017-10-12T00:00:00+00:00,1.4215799999999983,1.4331299999999985,1.4107399999999983,1.4172299999999984,1450440
2017-10-19T00:00:00+00:00,1.4172299999999984,1.4243899999999983,1.4055299999999984,1.4228199999999984,1527280
2017-10-26T00:00:00+00:00,1.4228199999999984,1.4299699999999984,1.4042399999999984,1.4221899999999985,1496145
2017-11-02T00:00:00+00:00,1.4221899999999985,1.4277999999999984,1.4017699999999984,1.4099099999999987,1405916
2017-11-09T00:00:00+00:00,1.4099099999999987,1.4230599999999989,1.4072399999999987,1.4185899999999987,1493579
2017-11-16T00:00:00+00:00,1.4185899999999987,1.434449999999999,1.4152199999999988,1.4337799999999987,1513863
2017-11-23T00:00:00+00:00,1.4337799999999987,1.4480999999999988,1.4253799999999988,1.4442099999999989,1461376
2017-11-30T00:00:00+00:00,1.4442099999999989,1.4610499999999988,1.442959999999999,1.4461699999999988,1866426
2017-12-07T00:00:00+00:00,1.4461699999999988,1.4592099999999988,1.4377099999999987,1.4491499999999988,1482107
2017-12-14T00:00:00+00:00,1.4491499999999988,1.4539599999999988,1.4375599999999986,1.4455399999999987,1500474
2017-12-21T00:00:00+00:00,1.4455399999999987,1.4510199999999986,1.4411899999999986,1.4475999999999987,855001
2017-12-28T00:00:00+00:00,1.4475999999999987,1.4624599999999985,1.34943,1.35117,980969
2018-01-04T00:00:00+00:00,1.35117,1.3593700000000002,1.3489400000000002,1.35122,1359161
2018-01-11T00:00:00+00:00,1.35122,1.3949900000000002,1.3465900000000002,1.3834100000000003,1688276
2018-01-18T00:00:00+00:00,1.3834100000000003,1.4228500000000002,1.38115,1.41999,1789273
2018-01-25T00:00:00+00:00,1.41999,1.4310900000000002,1.39721,1.41805,2613347
2018-02-01T00:00:00+00:00,1.41805,1.4270500000000002,1.3848,1.38901,2444126
2018-02-08T00:00:00+00:00,1.38901,1.40787,1.37762,1.4022700000000001,2363512
2018-02-15T00:00:00+00:00,1.4022700000000001,1.4170200000000002,1.3948800000000003,1.3960900000000003,1833598
2018-02-22T00:00:00+00:00,1.3960900000000003,1.4098100000000002,1.3784800000000001,1.3787600000000002,1762822
2018-03-01T00:00:00+00:00,1.3787600000000002,1.3958300000000001,1.3739700000000001,1.39237,1541686
2018-03-08T00:00:00+00:00,1.39237,1.4022700000000001,1.3809700000000003,1.3987800000000001,1300206
2018-03-15T00:00:00+00:00,1.3987800000000001,1.41867,1.39159,1.4176100000000003,1675362
2018-03-22T00:00:00+00:00,1.4176100000000003,1.4279500000000003,1.4100800000000002,1.4111400000000003,1844939
2018-03-29T00:00:00+00:00,1.4111400000000003,1.4131200000000004,1.4045800000000004,1.4107800000000001,1314580
2018-04-05T00:00:00+00:00,1.4107800000000001,1.4252600000000002,1.39968,1.42035,1731379
2018-04-12T00:00:00+00:00,1.42035,1.4406,1.41745,1.4230200000000002,1605587
2018-04-19T00:00:00+00:00,1.4230200000000002,1.42754,1.39494,1.3959300000000001,1609171
2018-04-26T00:00:00+00:00,1.3959300000000001,1.40294,1.35916,1.36077,1807647
2018-05-03T00:00:00+00:00,1.36077,1.36663,1.35145,1.35747,1795248
2018-05-10T00:00:00+00:00,1.35747,1.36477,1.3476900000000003,1.3511100000000003,1917702
2018-05-17T00:00:00+00:00,1.3511100000000003,1.3595100000000002,1.3328,1.33664,1789124
2018-05-24T00:00:00+00:00,1.33664,1.3444500000000001,1.32098,1.32898,2058526
2018-05-31T00:00:00+00:00,1.32898,1.34504,1.3259100000000001,1.3418700000000001,2024884
2018-06-07T00:00:00+00:00,1.3418700000000001,1.3479700000000001,1.33145,1.3381,1772488
2018-06-14T00:00:00+00:00,1.3381,1.34529,1.31663,1.31886,1834884
2018-06-21T00:00:00+00:00,1.31886,1.33351,1.31222,1.3139100000000001,1832567
2018-06-28T00:00:00+00:00,1.3139100000000001,1.3297400000000001,1.30776,1.3274700000000001,1768798
2018-07-05T00:00:00+00:00,1.3274700000000001,1.3378900000000002,1.3205400000000003,1.3219200000000002,1753584
2018-07-12T00:00:00+00:00,1.3219200000000002,1.33153,1.30329,1.3091300000000001,1570359
2018-07-19T00:00:00+00:00,1.3091300000000001,1.3227600000000002,1.298,1.32146,1687077
2018-07-26T00:00:00+00:00,1.32146,1.3239900000000002,1.3108800000000003,1.31458,1276644
2018-08-02T00:00:00+00:00,1.31458,1.3148300000000002,1.2873200000000002,1.2899800000000001,1168803
2018-08-09T00:00:00+00:00,1.2899800000000001,1.2931300000000001,1.2703900000000004,1.2736400000000003,1715456
2018-08-16T00:00:00+00:00,1.2736400000000003,1.2983200000000004,1.2727500000000003,1.2956900000000005,1400666
2018-08-23T00:00:00+00:00,1.2956900000000005,1.3086500000000005,1.2846100000000005,1.3078100000000006,1475262
2018-08-30T00:00:00+00:00,1.3078100000000006,1.3097300000000005,1.2879000000000005,1.2997600000000005,1624698
2018-09-06T00:00:00+00:00,1.2997600000000005,1.3172300000000006,1.2981800000000006,1.3128700000000006,1778356
2018-09-13T00:00:00+00:00,1.3128700000000006,1.3298500000000006,1.3111200000000005,1.3227500000000008,1652782
2018-09-20T00:00:00+00:00,1.3227500000000008,1.3382000000000007,1.3138000000000007,1.3242600000000007,1760716
2018-09-27T00:00:00+00:00,1.3242600000000007,1.3256000000000008,1.2993200000000005,1.3004300000000006,1666169
2018-10-04T00:00:00+00:00,1.3004300000000006,1.3274700000000004,1.2990500000000005,1.3247100000000003,1876898
2018-10-11T00:00:00+00:00,1.3247100000000003,1.3358800000000004,1.3205100000000005,1.3235500000000004,1940233
2018-10-18T00:00:00+00:00,1.3235500000000004,1.3253800000000004,1.2981700000000007,1.2994000000000006,1903030
2018-10-25T00:00:00+00:00,1.2994000000000006,1.3034200000000007,1.2815200000000004,1.2884900000000006,2030171
2018-11-01T00:00:00+00:00,1.2884900000000006,1.3232600000000005,1.2880400000000005,1.3182200000000006,1967501
2018-11-08T00:00:00+00:00,1.3182200000000006,1.3207900000000006,1.2942900000000006,1.3100600000000004,2432812
2018-11-15T00:00:00+00:00,1.3100600000000004,1.3145700000000005,1.2838900000000004,1.2869400000000004,2247882
2018-11-22T00:00:00+00:00,1.2869400000000004,1.3021800000000006,1.2804100000000005,1.2901400000000005,1798641
2018-11-29T00:00:00+00:00,1.2901400000000005,1.2928200000000003,1.2719800000000003,1.2794600000000005,2051729
2018-12-06T00:00:00+00:00,1.2794600000000005,1.2873400000000004,1.2564000000000004,1.2711200000000005,2687848
2018-12-13T00:00:00+00:00,1.2711200000000005,1.2777300000000005,1.2617100000000006,1.2682200000000006,2152659
2018-12-20T00:00:00+00:00,1.2682200000000006,1.2790000000000006,1.2679600000000006,1.2684500000000007,1630602
2018-12-27T00:00:00+00:00,1.2684500000000007,1.2864300000000009,1.2630400000000008,1.2653200000000007,1664473
2019-01-03T00:00:00+00:00,1.2653200000000007,1.2848800000000007,1.2422300000000008,1.2833100000000008,2009591
2019-01-10T00:00:00+00:00,1.2833100000000008,1.295960000000001,1.2697100000000008,1.290680000000001,2288152
2019-01-17T00:00:00+00:00,1.290680000000001,1.311020000000001,1.285970000000001,1.309740000000001,1914545
2019-01-24T00:00:00+00:00,1.309740000000001,1.3255400000000008,1.304130000000001,1.3159200000000009,2393718
2019-01-31T00:00:00+00:00,1.3159200000000009,1.320400000000001,1.2979700000000007,1.2985700000000007,1835586
2019-02-07T00:00:00+00:00,1.2985700000000007,1.3051800000000007,1.2900100000000008,1.2911400000000006,1770887
2019-02-14T00:00:00+00:00,1.2911400000000006,1.3152200000000005,1.2840100000000008,1.3092400000000006,1939576
2019-02-21T00:00:00+00:00,1.3092400000000006,1.3376900000000005,1.3011200000000005,1.3334500000000005,2262062
2019-02-28T00:00:00+00:00,1.3334500000000005,1.3346000000000005,1.3085000000000007,1.3157100000000006,2055530
2019-03-07T00:00:00+00:00,1.3157100000000006,1.3413500000000007,1.2977300000000007,1.3366500000000006,2492278
2019-03-14T00:00:00+00:00,1.3366500000000006,1.3368100000000007,1.3170600000000008,1.3216200000000007,2063909
2019-03-21T00:00:00+00:00,1.3216200000000007,1.3283500000000006,1.3028000000000008,1.3201300000000007,2464933
2019-03-28T00:00:00+00:00,1.3201300000000007,1.3222100000000006,1.2991100000000007,1.3163600000000006,2263747
2019-04-04T00:00:00+00:00,1.3163600000000006,1.3201700000000005,1.2997500000000006,1.3085200000000006,1846247
2019-04-11T00:00:00+00:00,1.3085200000000006,1.3136000000000005,1.3017400000000003,1.3026500000000005,1640035
2019-04-18T00:00:00+00:00,1.3026500000000005,1.3041300000000005,1.2872000000000006,1.2886800000000005,1915632
2019-04-25T00:00:00+00:00,1.2886800000000005,1.3075900000000007,1.2850100000000004,1.3022900000000006,1700364
2019-05-02T00:00:00+00:00,1.3022900000000006,1.3170200000000007,1.2959900000000006,1.3004400000000007,1602593
2019-05-09T00:00:00+00:00,1.3004400000000007,1.3047100000000007,1.2825700000000007,1.2839600000000007,1515583
2019-05-16T00:00:00+00:00,1.2839600000000007,1.2853500000000007,1.2606300000000008,1.2640500000000008,1342914
2019-05-23T00:00:00+00:00,1.2640500000000008,1.2715800000000008,1.2579600000000006,1.2593700000000008,1257666
2019-05-30T00:00:00+00:00,1.2593700000000008,1.2716400000000008,1.2526800000000007,1.2654900000000007,1379863
2019-06-06T00:00:00+00:00,1.2654900000000007,1.2735800000000008,1.2628900000000007,1.2664200000000008,1448506
2019-06-13T00:00:00+00:00,1.2664200000000008,1.2683700000000009,1.2495600000000007,1.2630800000000006,1384522
2019-06-20T00:00:00+00:00,1.2630800000000006,1.2781100000000007,1.2618100000000008,1.2682400000000007,1699757
2019-06-27T00:00:00+00:00,1.2682400000000007,1.2732100000000006,1.2552600000000007,1.2562900000000006,1429105
2019-07-04T00:00:00+00:00,1.2562900000000006,1.2586600000000006,1.2433200000000006,1.2493000000000007,1044899
2019-07-11T00:00:00+00:00,1.2493000000000007,1.2573000000000005,1.2377300000000007,1.2428100000000006,1174940
2019-07-18T00:00:00+00:00,1.2428100000000006,1.2553500000000006,1.2410400000000006,1.2476500000000006,1134190
2019-07-25T00:00:00+00:00,1.2476500000000006,1.2510600000000005,1.2116800000000005,1.2152500000000006,1340528
2019-08-01T00:00:00+00:00,1.2152500000000006,1.2203000000000004,1.2077600000000006,1.2133300000000005,1706147
2019-08-08T00:00:00+00:00,1.2133300000000005,1.2176300000000004,1.1983500000000005,1.2021800000000005,1588739
2019-08-15T00:00:00+00:00,1.2021800000000005,1.2144700000000004,1.2019700000000004,1.2076100000000005,1513164
2019-08-22T00:00:00+00:00,1.2076100000000005,1.2286800000000004,1.2066800000000006,1.2183200000000003,1786003
2019-08-29T00:00:00+00:00,1.2183200000000003,1.2245600000000003,1.1947900000000002,1.2241300000000004,1564513
2019-09-05T00:00:00+00:00,1.2241300000000004,1.2394800000000004,1.2199700000000002,1.2338400000000003,1392638
2019-09-12T00:00:00+00:00,1.2338400000000003,1.2544100000000005,1.2292700000000003,1.2479400000000003,1404171
2019-09-19T00:00:00+00:00,1.2479400000000003,1.2599600000000004,1.2365300000000004,1.2365400000000004,1293360
2019-09-26T00:00:00+00:00,1.2365400000000004,1.2401900000000003,1.2218700000000005,1.2309200000000005,1250054
2019-10-03T00:00:00+00:00,1.2309200000000005,1.2427300000000006,1.2239600000000004,1.2250200000000004,1256129
2019-10-10T00:00:00+00:00,1.2250200000000004,1.2933100000000004,1.2244400000000004,1.2882800000000005,2263159
2019-10-17T00:00:00+00:00,1.2882800000000005,1.3093000000000006,1.2804100000000005,1.2991500000000005,1933687
2019-10-24T00:00:00+00:00,1.2991500000000005,1.3030300000000006,1.2868900000000005,1.2988700000000006,1242119
2019-10-31T00:00:00+00:00,1.2988700000000006,1.3067700000000007,1.2944300000000006,1.2955200000000007,1168059
2019-11-07T00:00:00+00:00,1.2955200000000007,1.2978200000000006,1.2863200000000006,1.2926800000000007,1113701
2019-11-14T00:00:00+00:00,1.2926800000000007,1.3039200000000006,1.2902500000000006,1.2976600000000007,1061045
2019-11-21T00:00:00+00:00,1.2976600000000007,1.3023900000000006,1.2855200000000007,1.2944900000000006,1088285
2019-11-28T00:00:00+00:00,1.2944900000000006,1.3167100000000007,1.2907300000000006,1.3150200000000007,1102439
2019-12-05T00:00:00+00:00,1.3150200000000007,1.3259200000000007,1.3147100000000007,1.3239500000000008,1122122
2019-12-12T00:00:00+00:00,1.3239500000000008,1.3559100000000008,1.3094400000000008,1.3114800000000006,2266459
2019-12-19T00:00:00+00:00,1.3114800000000006,1.3169900000000008,1.2946900000000008,1.2999500000000008,953339
2019-12-26T00:00:00+00:00,1.2999500000000008,1.3315900000000007,1.2999500000000008,1.3281900000000009,811515
2020-01-02T00:00:00+00:00,1.3281900000000009,1.3281900000000009,1.308340000000001,1.311230000000001,1385977
2020-01-09T00:00:00+00:00,1.311230000000001,1.314380000000001,1.2996200000000009,1.3079100000000008,1284878
2020-01-16T00:00:00+00:00,1.3079100000000008,1.3216000000000008,1.3024900000000008,1.3201500000000008,1168663
2020-01-23T00:00:00+00:00,1.3201500000000008,1.323590000000001,1.303670000000001,1.307840000000001,1088214
2020-01-30T00:00:00+00:00,1.307840000000001,1.3270400000000009,1.302780000000001,1.308470000000001,1333112
2020-02-06T00:00:00+00:00,1.308470000000001,1.308760000000001,1.295220000000001,1.303900000000001,1175020
2020-02-13T00:00:00+00:00,1.303900000000001,1.314950000000001,1.300220000000001,1.301070000000001,1129455
2020-02-20T00:00:00+00:00,1.301070000000001,1.312490000000001,1.2943700000000011,1.3003300000000009,1569544
2020-02-27T00:00:00+00:00,1.3003300000000009,1.305370000000001,1.283300000000001,1.301850000000001,2422042
2020-03-05T00:00:00+00:00,1.301850000000001,1.3317100000000008,1.2921800000000008,1.2931300000000008,3037033
2020-03-12T00:00:00+00:00,1.2931300000000008,1.2965900000000008,1.157760000000001,1.174600000000001,4633950
2020-03-19T00:00:00+00:00,1.174600000000001,1.2092100000000008,1.1539700000000008,1.1998200000000008,4462676
2020-03-26T00:00:00+00:00,1.1998200000000008,1.2623000000000006,1.189570000000001,1.2520300000000009,2849680
2020-04-02T00:00:00+00:00,1.2520300000000009,1.2625700000000009,1.2355600000000007,1.2577600000000009,1820968
2020-04-09T00:00:00+00:00,1.2577600000000009,1.2863600000000008,1.256010000000001,1.2728700000000008,1177169
2020-04-16T00:00:00+00:00,1.2728700000000008,1.2742600000000008,1.246350000000001,1.254930000000001,1491175
2020-04-23T00:00:00+00:00,1.254930000000001,1.2734500000000009,1.251430000000001,1.268340000000001,1397129
2020-04-30T00:00:00+00:00,1.268340000000001,1.2859400000000007,1.2554500000000008,1.255730000000001,1409598
2020-05-07T00:00:00+00:00,1.255730000000001,1.2686900000000008,1.2434800000000008,1.2454200000000009,1376311
2020-05-14T00:00:00+00:00,1.2454200000000009,1.254110000000001,1.231970000000001,1.2478900000000008,1587199
2020-05-21T00:00:00+00:00,1.2478900000000008,1.259660000000001,1.239750000000001,1.249410000000001,1453069
2020-05-28T00:00:00+00:00,1.249410000000001,1.287430000000001,1.2467100000000009,1.283250000000001,1980513
2020-06-04T00:00:00+00:00,1.283250000000001,1.305740000000001,1.2759500000000008,1.299090000000001,2060313
2020-06-11T00:00:00+00:00,1.299090000000001,1.299840000000001,1.271730000000001,1.2824800000000012,2599542
2020-06-18T00:00:00+00:00,1.2824800000000012,1.2836000000000012,1.2601800000000012,1.268430000000001,1968985
2020-06-25T00:00:00+00:00,1.268430000000001,1.275230000000001,1.251350000000001,1.273670000000001,1612204
2020-07-02T00:00:00+00:00,1.273670000000001,1.2906400000000011,1.269980000000001,1.2892900000000012,1513744
2020-07-09T00:00:00+00:00,1.2892900000000012,1.295260000000001,1.2763400000000011,1.2871200000000012,1636284
2020-07-16T00:00:00+00:00,1.2871200000000012,1.3050100000000011,1.2795600000000011,1.301550000000001,1495927
2020-07-23T00:00:00+00:00,1.301550000000001,1.3296300000000012,1.2955200000000011,1.3278700000000012,1835538
2020-07-30T00:00:00+00:00,1.3278700000000012,1.3452600000000012,1.3226800000000012,1.3394700000000013,1951731
2020-08-06T00:00:00+00:00,1.3394700000000013,1.3466700000000014,1.3284400000000014,1.3311600000000012,1832998
2020-08-13T00:00:00+00:00,1.3311600000000012,1.3532800000000014,1.3304400000000014,1.3356400000000013,1485598
2020-08-20T00:00:00+00:00,1.3356400000000013,1.3520900000000013,1.3324500000000015,1.3480100000000015,1648536
2020-08-27T00:00:00+00:00,1.3480100000000015,1.3768800000000012,1.3432200000000014,1.3636100000000013,1944642
2020-09-03T00:00:00+00:00,1.3636100000000013,1.3644600000000013,1.3203500000000012,1.3320300000000012,1801160
2020-09-10T00:00:00+00:00,1.3320300000000012,1.3353500000000011,1.3080700000000012,1.3285800000000012,1808985
2020-09-17T00:00:00+00:00,1.3285800000000012,1.3318200000000013,1.2993500000000011,1.304160000000001,2168379
2020-09-24T00:00:00+00:00,1.304160000000001,1.3231400000000013,1.3005500000000012,1.3200200000000013,1863241
2020-10-01T00:00:00+00:00,1.3200200000000013,1.3294500000000014,1.3108100000000014,1.3200900000000013,1927721
2020-10-08T00:00:00+00:00,1.3200900000000013,1.3388900000000012,1.3169100000000011,1.3317700000000012,1547236
2020-10-15T00:00:00+00:00,1.3317700000000012,1.3507500000000012,1.3167900000000012,1.3471000000000013,1815168
2020-10-22T00:00:00+00:00,1.3471000000000013,1.348290000000001,1.3232000000000013,1.3298600000000014,1575706
2020-10-29T00:00:00+00:00,1.3298600000000014,1.3480500000000013,1.3194200000000014,1.3324700000000014,2041187
2020-11-05T00:00:00+00:00,1.3324700000000014,1.3640500000000015,1.3272300000000015,1.3545300000000016,2325220
2020-11-12T00:00:00+00:00,1.3545300000000016,1.3656300000000015,1.3432000000000015,1.3611000000000015,1469246
2020-11-19T00:00:00+00:00,1.3611000000000015,1.3736200000000014,1.3539700000000015,1.3714000000000015,1463903
2020-11-26T00:00:00+00:00,1.3714000000000015,1.3756600000000014,1.3602000000000014,1.3674000000000015,1441065
2020-12-03T00:00:00+00:00,1.3674000000000015,1.3853800000000014,1.3557800000000013,1.3730100000000014,1806949
2020-12-10T00:00:00+00:00,1.3730100000000014,1.3751500000000014,1.3468400000000014,1.3704400000000014,1657284
2020-12-17T00:00:00+00:00,1.3704400000000014,1.3892700000000016,1.3509900000000015,1.3810100000000014,1847905
2020-12-24T00:00:00+00:00,1.3810100000000014,1.3941600000000014,1.3738300000000014,1.3933700000000013,1188884
2020-12-31T00:00:00+00:00,1.3933700000000013,1.4023100000000015,1.3857500000000016,1.3926700000000014,1603548
2021-01-07T00:00:00+00:00,1.3926700000000014,1.4020400000000015,1.3770100000000014,1.3950600000000015,1850795
2021-01-14T00:00:00+00:00,1.3950600000000015,1.4030200000000015,1.3825100000000015,1.3953600000000015,1460351
2021-01-21T00:00:00+00:00,1.3953600000000015,1.4061700000000015,1.3912100000000014,1.3981300000000014,1461806
2021-01-28T00:00:00+00:00,1.3981300000000014,1.4054100000000014,1.3899400000000013,1.3931700000000014,1675199
2021-02-04T00:00:00+00:00,1.3931700000000014,1.4168700000000014,1.3854200000000014,1.4132900000000013,1205916
2021-02-11T00:00:00+00:00,1.4132900000000013,1.4251600000000013,1.4078500000000014,1.4156500000000014,1018762
2021-02-18T00:00:00+00:00,1.4156500000000014,1.4529200000000013,1.4139700000000013,1.4426600000000014,1204325
2021-02-25T00:00:00+00:00,1.4426600000000014,1.4470100000000015,1.4142000000000015,1.4232000000000014,2167357
2021-03-04T00:00:00+00:00,1.4232000000000014,1.4300600000000014,1.4061600000000014,1.4224700000000015,1834373
2021-03-11T00:00:00+00:00,1.4224700000000015,1.4306900000000016,1.4110300000000018,1.4260900000000016,1265843
2021-03-18T00:00:00+00:00,1.4260900000000016,1.4303000000000017,1.4000500000000016,1.4010200000000017,1160428
2021-03-25T00:00:00+00:00,1.4010200000000017,1.4164600000000016,1.3996700000000017,1.4095300000000015,999285
2021-04-01T00:00:00+00:00,1.4095300000000015,1.4234200000000015,1.4039600000000014,1.4050800000000014,1051511
2021-04-08T00:00:00+00:00,1.4050800000000014,1.4123300000000014,1.3983300000000014,1.4089100000000014,945216
2021-04-15T00:00:00+00:00,1.4089100000000014,1.4329700000000016,1.4030700000000014,1.4245000000000017,990518
2021-04-22T00:00:00+00:00,1.4245000000000017,1.4278700000000015,1.4144200000000016,1.4257000000000015,905823
2021-04-29T00:00:00+00:00,1.4257000000000015,1.4304600000000016,1.4130600000000015,1.4232700000000016,1077873
2021-05-06T00:00:00+00:00,1.4232700000000016,1.4479600000000017,1.4188300000000016,1.4363400000000017,1514903
2021-05-13T00:00:00+00:00,1.4363400000000017,1.4527300000000016,1.4317900000000017,1.4420800000000018,1327008
2021-05-20T00:00:00+00:00,1.4420800000000018,1.4541100000000018,1.4407900000000016,1.4412000000000016,1268142
2021-05-27T00:00:00+00:00,1.4412000000000016,1.4551500000000017,1.4388200000000015,1.4469300000000016,1152846
2021-06-03T00:00:00+00:00,1.4469300000000016,1.4504000000000017,1.4384100000000015,1.4420300000000015,989454
2021-06-10T00:00:00+00:00,1.4420300000000015,1.4492600000000015,1.4294300000000013,1.4294600000000015,1045529
2021-06-17T00:00:00+00:00,1.4294600000000015,1.4322100000000013,1.4099500000000014,1.4271800000000014,1182930
2021-06-24T00:00:00+00:00,1.4271800000000014,1.4299700000000013,1.4111600000000013,1.4141200000000014,1002685
2021-07-01T00:00:00+00:00,1.4141200000000014,1.4211300000000016,1.4044500000000013,1.4110900000000015,1083136
2021-07-08T00:00:00+00:00,1.4110900000000015,1.4233400000000016,1.4054300000000015,1.4183700000000017,1071577
2021-07-15T00:00:00+00:00,1.4183700000000017,1.4222300000000017,1.3878800000000016,1.4014500000000016,1278320
2021-07-22T00:00:00+00:00,1.4014500000000016,1.4208300000000014,1.3997600000000017,1.4193900000000015,1221859
2021-07-29T00:00:00+00:00,1.4193900000000015,1.4280100000000016,1.4173800000000016,1.4188300000000016,846025
2021-08-05T00:00:00+00:00,1.4188300000000016,1.4249300000000016,1.4098600000000014,1.4157200000000014,772308
2021-08-12T00:00:00+00:00,1.4157200000000014,1.4174500000000014,1.4015000000000015,1.4047800000000015,511658
2021-08-19T00:00:00+00:00,1.4047800000000015,1.4065200000000015,1.3898200000000014,1.4061000000000015,487131
2021-08-26T00:00:00+00:00,1.4061000000000015,1.4112400000000016,1.3978100000000016,1.4072500000000014,547978
2021-09-02T00:00:00+00:00,1.4072500000000014,1.4196300000000015,1.4020900000000016,1.4066000000000016,578240
2021-09-09T00:00:00+00:00,1.4066000000000016,1.4207700000000016,1.4047800000000017,1.4130100000000017,786042
2021-09-16T00:00:00+00:00,1.4130100000000017,1.4147200000000015,1.3896100000000016,1.3897100000000016,908251
2021-09-23T00:00:00+00:00,1.3897100000000016,1.4037500000000016,1.3699700000000015,1.3713300000000015,978985
2021-09-30T00:00:00+00:00,1.3713300000000015,1.3920500000000016,1.3703400000000014,1.3852600000000017,1111522
2021-10-07T00:00:00+00:00,1.3852600000000017,1.3941600000000016,1.3836200000000016,1.3923100000000017,905152
2021-10-14T00:00:00+00:00,1.3923100000000017,1.4098300000000015,1.3921100000000017,1.4087500000000015,772880
2021-10-21T00:00:00+00:00,1.4087500000000015,1.4098300000000015,1.3978000000000015,1.4008500000000015,993508
2021-10-28T00:00:00+00:00,1.4008500000000015,1.4083600000000014,1.3874500000000014,1.3955300000000013,1111976
2021-11-04T00:00:00+00:00,1.3955300000000013,1.3967300000000014,1.3687600000000015,1.3688800000000014,981895
2021-11-11T00:00:00+00:00,1.3688800000000014,1.3784500000000013,1.3640000000000014,1.3772200000000014,832570
2021-11-18T00:00:00+00:00,1.3772200000000014,1.3801900000000014,1.3598800000000013,1.3607600000000013,976685
2021-11-25T00:00:00+00:00,1.3607600000000013,1.3657400000000015,1.3481000000000014,1.3562300000000014,1283918
2021-12-02T00:00:00+00:00,1.3562300000000014,1.3620600000000014,1.3466000000000014,1.3508300000000015,1006763
2021-12-09T00:00:00+00:00,1.3508300000000015,1.3618000000000015,1.3476100000000015,1.3593000000000015,897838
2021-12-16T00:00:00+00:00,1.3593000000000015,1.3709800000000014,1.3507600000000015,1.3679700000000015,1037903
2021-12-23T00:00:00+00:00,1.3679700000000015,1.3833200000000012,1.3673100000000014,1.3821000000000012,863550
2021-12-30T00:00:00+00:00,1.3821000000000012,1.3941000000000012,1.3772800000000014,1.3894300000000013,745469
2022-01-06T00:00:00+00:00,1.3894300000000013,1.4059500000000014,1.3832400000000014,1.4042700000000015,1022147
2022-01-13T00:00:00+00:00,1.4042700000000015,1.4093900000000013,1.3918500000000014,1.3957800000000014,1197283
2022-01-20T00:00:00+00:00,1.3957800000000014,1.4007500000000013,1.3792400000000014,1.3815600000000012,1573183
2022-01-27T00:00:00+00:00,1.3815600000000012,1.3936900000000012,1.3713900000000012,1.3925100000000012,1525353
2022-02-03T00:00:00+00:00,1.3925100000000012,1.3977100000000013,1.3824300000000012,1.3868100000000012,1495439
2022-02-10T00:00:00+00:00,1.3868100000000012,1.3977600000000012,1.3818700000000013,1.3916000000000013,1992769
2022-02-17T00:00:00+00:00,1.3916000000000013,1.3975200000000014,1.3865400000000012,1.3871300000000013,1664190
2022-02-24T00:00:00+00:00,1.3871300000000013,1.3879400000000013,1.3602700000000012,1.3837200000000012,2244025
2022-03-03T00:00:00+00:00,1.3837200000000012,1.3848800000000012,1.3524100000000012,1.3618200000000011,2148221
2022-03-10T00:00:00+00:00,1.3618200000000011,1.3637200000000012,1.3446500000000012,1.3593200000000012,1954147
2022-03-17T00:00:00+00:00,1.3593200000000012,1.3751300000000013,1.3533700000000013,1.3656000000000013,1441557
2022-03-24T00:00:00+00:00,1.3656000000000013,1.3677600000000012,1.350830000000001,1.3588900000000013,1612607
2022-03-31T00:00:00+00:00,1.3588900000000013,1.3642200000000013,1.3520700000000014,1.3542800000000013,1381287
2022-04-07T00:00:00+00:00,1.3542800000000013,1.3594600000000014,1.3449500000000014,1.3594600000000014,1296797
2022-04-14T00:00:00+00:00,1.3594600000000014,1.3624500000000013,1.3470900000000012,1.3558200000000014,1317809
2022-04-21T00:00:00+00:00,1.3558200000000014,1.3580600000000014,1.2986100000000014,1.3024200000000012,1259049
2022-04-28T00:00:00+00:00,1.3024200000000012,1.3112300000000014,1.2895200000000013,1.3096600000000016,1144245
2022-05-05T00:00:00+00:00,1.3096600000000016,1.3108300000000015,1.2695200000000018,1.2706000000000017,1578518
2022-05-12T00:00:00+00:00,1.2706000000000017,1.2981900000000015,1.2613300000000016,1.2818900000000015,1476101
2022-05-19T00:00:00+00:00,1.2818900000000015,1.3094700000000017,1.2815000000000016,1.3069900000000017,1717566
2022-05-26T00:00:00+00:00,1.3069900000000017,1.3160800000000017,1.2952000000000017,1.2977800000000015,1421289
2022-06-02T00:00:00+00:00,1.2977800000000015,1.3094000000000015,1.2925000000000015,1.3026400000000016,1289704
2022-06-09T00:00:00+00:00,1.3026400000000016,1.3052800000000016,1.2427700000000015,1.2670000000000015,2291408
2022-06-16T00:00:00+00:00,1.2670000000000015,1.2900200000000015,1.2534900000000013,1.2754900000000013,2752416
2022-06-23T00:00:00+00:00,1.2754900000000013,1.2826300000000015,1.2599800000000014,1.2611100000000015,2019558
2022-06-30T00:00:00+00:00,1.2611100000000015,1.2682500000000014,1.2358700000000014,1.2405000000000015,2143068
2022-07-07T00:00:00+00:00,1.2405000000000015,1.2539200000000015,1.2290400000000015,1.2372400000000014,2329868
2022-07-14T00:00:00+00:00,1.2372400000000014,1.2526800000000013,1.2242800000000014,1.2446200000000014,2183431
2022-07-21T00:00:00+00:00,1.2446200000000014,1.2646900000000012,1.2371100000000013,1.2615800000000013,2147444
2022-07-28T00:00:00+00:00,1.2615800000000013,1.2754400000000012,1.2523900000000012,1.2604800000000012,2221192
2022-08-04T00:00:00+00:00,1.2604800000000012,1.2738600000000013,1.2464100000000014,1.2672100000000013,1697237
2022-08-11T00:00:00+00:00,1.2672100000000013,1.2711200000000014,1.2469400000000013,1.2508300000000014,1707767
2022-08-18T00:00:00+00:00,1.2508300000000014,1.2541700000000013,1.2178900000000012,1.2257500000000014,1723393
2022-08-25T00:00:00+00:00,1.2257500000000014,1.2362800000000014,1.2065900000000012,1.2088700000000012,2008343
2022-09-01T00:00:00+00:00,1.2088700000000012,1.2112200000000013,1.1907900000000013,1.2034500000000012,2130903
2022-09-08T00:00:00+00:00,1.2034500000000012,1.2186500000000013,1.1928200000000013,1.1984700000000013,2270555
2022-09-15T00:00:00+00:00,1.1984700000000013,1.1997600000000013,1.168960000000001,1.1720500000000011,2081561
2022-09-22T00:00:00+00:00,1.1720500000000011,1.1819500000000012,1.0869200000000012,1.1400600000000012,3863278
2022-09-29T00:00:00+00:00,1.1400600000000012,1.2003400000000013,1.1274300000000013,1.1833500000000012,3584479
2022-10-06T00:00:00+00:00,1.1833500000000012,1.1891500000000013,1.1441900000000012,1.161400000000001,3577281
2022-10-13T00:00:00+00:00,1.161400000000001,1.1901500000000012,1.1575800000000012,1.167740000000001,3546269
2022-10-20T00:00:00+00:00,1.167740000000001,1.200540000000001,1.1521600000000012,1.198240000000001,3967782
2022-10-27T00:00:00+00:00,1.198240000000001,1.2031700000000012,1.1804600000000012,1.1807900000000013,3458986
2022-11-03T00:00:00+00:00,1.1807900000000013,1.2089600000000014,1.1560700000000013,1.1845700000000015,3423628
2022-11-10T00:00:00+00:00,1.1845700000000015,1.2558900000000015,1.1836300000000013,1.2442800000000014,3781972
2022-11-17T00:00:00+00:00,1.2442800000000014,1.2605700000000013,1.2292600000000016,1.2579400000000014,3000665
2022-11-24T00:00:00+00:00,1.2579400000000014,1.2678500000000015,1.2454100000000015,1.2609200000000014,3114047
2022-12-01T00:00:00+00:00,1.2609200000000014,1.2898100000000015,1.2601800000000014,1.2762000000000013,3196741
2022-12-08T00:00:00+00:00,1.2762000000000013,1.3012500000000014,1.2708500000000014,1.2991300000000012,2977170
2022-12-15T00:00:00+00:00,1.2991300000000012,1.2993700000000012,1.2611200000000014,1.2638700000000012,3208658
2022-12-22T00:00:00+00:00,1.2638700000000012,1.2703500000000012,1.2547800000000013,1.256430000000001,1949904
2022-12-29T00:00:00+00:00,1.256430000000001,1.265550000000001,1.2448500000000011,1.2601800000000012,2220271
2023-01-05T00:00:00+00:00,1.2601800000000012,1.276360000000001,1.238980000000001,1.269840000000001,2868834
2023-01-12T00:00:00+00:00,1.269840000000001,1.300170000000001,1.263800000000001,1.2908600000000008,2942142
2023-01-19T00:00:00+00:00,1.2908600000000008,1.3012800000000009,1.2828000000000008,1.296270000000001,2174211
2023-01-26T00:00:00+00:00,1.296270000000001,1.299530000000001,1.2834400000000008,1.2935700000000008,2232135
2023-02-02T00:00:00+00:00,1.2935700000000008,1.2964100000000007,1.2545300000000008,1.2653900000000007,2922250
2023-02-09T00:00:00+00:00,1.2653900000000007,1.2844500000000008,1.2564000000000006,1.2597600000000007,2681642
2023-02-16T00:00:00+00:00,1.2597600000000007,1.2738300000000005,1.2489400000000008,1.2636100000000006,2458610
2023-02-23T00:00:00+00:00,1.2636100000000006,1.2722800000000005,1.2501500000000005,1.2607500000000005,2430427
2023-03-02T00:00:00+00:00,1.2607500000000005,1.2665800000000007,1.2402700000000006,1.2443900000000006,2244305
2023-03-09T00:00:00+00:00,1.2443900000000006,1.2754900000000007,1.2429100000000006,1.2607500000000007,3367101
2023-03-16T00:00:00+00:00,1.2607500000000007,1.2857100000000008,1.2577900000000009,1.278410000000001,2292059
2023-03-23T00:00:00+00:00,1.278410000000001,1.289260000000001,1.271190000000001,1.284270000000001,1865113
2023-03-30T00:00:00+00:00,1.284270000000001,1.306040000000001,1.2809300000000008,1.2996500000000009,1726449
2023-04-06T00:00:00+00:00,1.2996500000000009,1.3030400000000009,1.2879500000000008,1.3019900000000009,1351777
2023-04-13T00:00:00+00:00,1.3019900000000009,1.308170000000001,1.2897900000000009,1.298370000000001,1582861
2023-04-20T00:00:00+00:00,1.298370000000001,1.3068300000000008,1.2911800000000009,1.3020800000000008,1536254
2023-04-27T00:00:00+00:00,1.3020800000000008,1.3152400000000009,1.298910000000001,1.312590000000001,1824552
2023-05-04T00:00:00+00:00,1.312590000000001,1.3243200000000008,1.3108700000000009,1.318840000000001,1688487
2023-05-11T00:00:00+00:00,1.318840000000001,1.320420000000001,1.2981700000000012,1.304650000000001,1536584
2023-05-18T00:00:00+00:00,1.304650000000001,1.305310000000001,1.2913600000000012,1.2920700000000012,1760151
2023-05-25T00:00:00+00:00,1.2920700000000012,1.3011000000000013,1.2864400000000011,1.300220000000001,1561350
2023-06-01T00:00:00+00:00,1.300220000000001,1.310900000000001,1.2932600000000012,1.3001800000000012,1564189
2023-06-08T00:00:00+00:00,1.3001800000000012,1.3263300000000011,1.2993900000000012,1.322590000000001,1530182
2023-06-15T00:00:00+00:00,1.322590000000001,1.3412800000000011,1.319370000000001,1.3333200000000012,1603779
2023-06-22T00:00:00+00:00,1.3333200000000012,1.340560000000001,1.318260000000001,1.3211100000000011,1832584
2023-06-29T00:00:00+00:00,1.3211100000000011,1.332390000000001,1.316680000000001,1.3288800000000012,1396937
2023-07-06T00:00:00+00:00,1.3288800000000012,1.359330000000001,1.3258000000000012,1.357970000000001,1587908
2023-07-13T00:00:00+00:00,1.357970000000001,1.3735100000000011,1.3464700000000012,1.353660000000001,1621798
2023-07-20T00:00:00+00:00,1.353660000000001,1.356200000000001,1.339880000000001,1.354200000000001,1525742
2023-07-27T00:00:00+00:00,1.354200000000001,1.359680000000001,1.329420000000001,1.332480000000001,1692857
2023-08-03T00:00:00+00:00,1.332480000000001,1.340640000000001,1.323440000000001,1.333290000000001,1500981
2023-08-10T00:00:00+00:00,1.333290000000001,1.343320000000001,1.3234100000000009,1.3348800000000007,1693375
2023-08-17T00:00:00+00:00,1.3348800000000007,1.3423800000000008,1.3237900000000007,1.3345600000000009,1554733
2023-08-24T00:00:00+00:00,1.3345600000000009,1.335930000000001,1.3171400000000009,1.3333600000000008,1447777
2023-08-31T00:00:00+00:00,1.3333600000000008,1.3347300000000009,1.309420000000001,1.312030000000001,1350193
2023-09-07T00:00:00+00:00,1.312030000000001,1.3135100000000008,1.3020200000000008,1.307690000000001,1289427
2023-09-14T00:00:00+00:00,1.307690000000001,1.309330000000001,1.291820000000001,1.292980000000001,1331455
2023-09-21T00:00:00+00:00,1.292980000000001,1.293270000000001,1.269670000000001,1.272100000000001,1446544
2023-09-28T00:00:00+00:00,1.272100000000001,1.285810000000001,1.263290000000001,1.2729100000000009,1601186
2023-10-05T00:00:00+00:00,1.2729100000000009,1.296850000000001,1.2701200000000008,1.2944000000000009,1612495
2023-10-12T00:00:00+00:00,1.2944000000000009,1.296270000000001,1.2753400000000008,1.278440000000001,1457400
2023-10-19T00:00:00+00:00,1.278440000000001,1.2941000000000011,1.273430000000001,1.276300000000001,1444199
2023-10-26T00:00:00+00:00,1.276300000000001,1.284360000000001,1.2721700000000011,1.279410000000001,1401484
2023-11-02T00:00:00+00:00,1.279410000000001,1.308640000000001,1.277640000000001,1.2942000000000011,1233274
2023-11-09T00:00:00+00:00,1.2942000000000011,1.316390000000001,1.284510000000001,1.307380000000001,1273217
2023-11-16T00:00:00+00:00,1.307380000000001,1.3222300000000011,1.303190000000001,1.3156900000000011,1230201
2023-11-23T00:00:00+00:00,1.3156900000000011,1.3392500000000012,1.314630000000001,1.335370000000001,1088688
2023-11-30T00:00:00+00:00,1.335370000000001,1.3395500000000011,1.322260000000001,1.323050000000001,1458174
2023-12-07T00:00:00+00:00,1.323050000000001,1.331880000000001,1.317310000000001,1.330120000000001,1454486
2023-12-14T00:00:00+00:00,1.330120000000001,1.347800000000001,1.3296200000000011,1.332220000000001,1467140
2023-12-21T00:00:00+00:00,1.332220000000001,1.3486700000000011,1.329670000000001,1.348210000000001,844030
2023-12-28T00:00:00+00:00,1.348210000000001,1.351160000000001,1.328900000000001,1.334290000000001,955956
2024-01-04T00:00:00+00:00,1.334290000000001,1.344950000000001,1.3289800000000012,1.342040000000001,1266955
2024-01-11T00:00:00+00:00,1.342040000000001,1.3467900000000013,1.3299200000000013,1.3378800000000013,1458679
2024-01-18T00:00:00+00:00,1.3378800000000013,1.3477600000000012,1.3350700000000013,1.3427900000000013,1225206
2024-01-25T00:00:00+00:00,1.3427900000000013,1.346390000000001,1.3353500000000011,1.3401300000000012,1316521
2024-02-01T00:00:00+00:00,1.3401300000000012,1.348560000000001,1.323160000000001,1.3340200000000009,1327950
2024-02-08T00:00:00+00:00,1.3340200000000009,1.340570000000001,1.325720000000001,1.328740000000001,1141561
2024-02-15T00:00:00+00:00,1.328740000000001,1.339590000000001,1.326300000000001,1.336480000000001,1137199
2024-02-22T00:00:00+00:00,1.336480000000001,1.3436800000000009,1.333780000000001,1.337760000000001,1138254
2024-02-29T00:00:00+00:00,1.337760000000001,1.348480000000001,1.331600000000001,1.345370000000001,1179792
2024-03-07T00:00:00+00:00,1.345370000000001,1.361670000000001,1.344580000000001,1.3520900000000011,1224622
2024-03-14T00:00:00+00:00,1.3520900000000011,1.354720000000001,1.339440000000001,1.351200000000001,1055880
2024-03-21T00:00:00+00:00,1.351200000000001,1.353000000000001,1.330190000000001,1.3379700000000012,984290
2024-03-28T00:00:00+00:00,1.3379700000000012,1.3395400000000013,1.3278900000000013,1.3391400000000013,832514
2024-04-04T00:00:00+00:00,1.3391400000000013,1.346460000000001,1.3275200000000011,1.3295200000000011,1047999
2024-04-11T00:00:00+00:00,1.3295200000000011,1.333370000000001,1.3160400000000012,1.3208900000000012,1374923
2024-04-18T00:00:00+00:00,1.3208900000000012,1.3239700000000012,1.305440000000001,1.3218700000000012,1156442
2024-04-25T00:00:00+00:00,1.3218700000000012,1.3315500000000011,1.320390000000001,1.3272600000000012,1267647
2024-05-02T00:00:00+00:00,1.3272600000000012,1.3380100000000013,1.3217700000000012,1.3249100000000011,1151209
2024-05-09T00:00:00+00:00,1.3249100000000011,1.3447900000000013,1.3197200000000011,1.3446900000000013,1064759
2024-05-16T00:00:00+00:00,1.3446900000000013,1.3540300000000012,1.3404600000000013,1.3495800000000011,950535
2024-05-23T00:00:00+00:00,1.3495800000000011,1.3585700000000012,1.345330000000001,1.3485100000000012,965786
2024-05-30T00:00:00+00:00,1.3485100000000012,1.3616500000000011,1.3465800000000012,1.3585300000000011,1151643
2024-06-06T00:00:00+00:00,1.3585300000000011,1.3650800000000012,1.3478200000000011,1.3588100000000012,1197347
2024-06-13T00:00:00+00:00,1.3588100000000012,1.3597900000000012,1.344720000000001,1.3509500000000012,1059264
2024-06-20T00:00:00+00:00,1.3509500000000012,1.3516300000000012,1.3414800000000011,1.3421300000000012,1049102
2024-06-27T00:00:00+00:00,1.3421300000000012,1.3572300000000015,1.3410700000000013,1.3535300000000015,1170888
2024-07-04T00:00:00+00:00,1.3535300000000015,1.3670800000000014,1.3529100000000014,1.3670400000000014,1003409
2024-07-11T00:00:00+00:00,1.3670400000000014,1.3889600000000015,1.3669000000000013,1.3854000000000015,1283759
2024-07-18T00:00:00+00:00,1.3854000000000015,1.3857700000000017,1.3719700000000017,1.3748400000000016,1246090
2024-07-25T00:00:00+00:00,1.3748400000000016,1.3755400000000018,1.3656900000000016,1.3705600000000016,1385373
2024-08-01T00:00:00+00:00,1.3705600000000016,1.3712900000000015,1.3527400000000016,1.3545500000000017,2274538
2024-08-08T00:00:00+00:00,1.3545500000000017,1.3731300000000015,1.3519800000000017,1.3679000000000014,1472818
2024-08-15T00:00:00+00:00,1.3679000000000014,1.3982700000000015,1.3656900000000016,1.3948100000000014,1256045
2024-08-22T00:00:00+00:00,1.3948100000000014,1.4133900000000015,1.3939500000000014,1.4057900000000014,1443576
2024-08-29T00:00:00+00:00,1.4057900000000014,1.4094600000000015,1.3952600000000013,1.4009800000000014,1346081
2024-09-05T00:00:00+00:00,1.4009800000000014,1.4104000000000014,1.3875300000000013,1.3916500000000014,1578632
2024-09-12T00:00:00+00:00,1.3916500000000014,1.4172200000000015,1.3905300000000014,1.4086700000000014,1595029
2024-09-19T00:00:00+00:00,1.4086700000000014,1.4304400000000015,1.4027700000000014,1.4197200000000014,1886022
2024-09-26T00:00:00+00:00,1.4197200000000014,1.4309000000000014,1.4113900000000015,1.4143300000000014,1952594
2024-10-03T00:00:00+00:00,1.4143300000000014,1.4146900000000016,1.3930700000000016,1.3945800000000015,1793796
2024-10-10T00:00:00+00:00,1.3945800000000015,1.3980500000000016,1.3854300000000015,1.3867200000000015,1315640
2024-10-17T00:00:00+00:00,1.3867200000000015,1.3948500000000017,1.3791900000000017,1.3805600000000016,1257311
2024-10-24T00:00:00+00:00,1.3805600000000016,1.3912200000000015,1.3793600000000017,1.3830700000000016,1357051
2024-10-31T00:00:00+00:00,1.3830700000000016,1.3868500000000015,1.3650800000000016,1.3695800000000016,1843015
2024-11-07T00:00:00+00:00,1.3695800000000016,1.3826100000000014,1.3512000000000013,1.3533000000000013,1582473
2024-11-14T00:00:00+00:00,1.3533000000000013,1.3545800000000014,1.3422600000000013,1.3477100000000013,1600678
2024-11-21T00:00:00+00:00,1.3477100000000013,1.3485900000000013,1.3265800000000014,1.3437800000000013,1709832
2024-11-28T00:00:00+00:00,1.3437800000000013,1.3508900000000015,1.3384100000000014,1.3467700000000016,1504035
2024-12-05T00:00:00+00:00,1.3467700000000016,1.3578300000000014,1.3459600000000016,1.3522700000000016,1350905
2024-12-12T00:00:00+00:00,1.3522700000000016,1.3560500000000015,1.3332600000000017,1.3344000000000016,1394167
2024-12-19T00:00:00+00:00,1.3344000000000016,1.3437300000000016,1.3245500000000017,1.3305800000000017,1047580
2024-12-26T00:00:00+00:00,1.3305800000000017,1.3380500000000015,1.3276700000000017,1.3284800000000017,815409
2025-01-02T00:00:00+00:00,1.3284800000000017,1.3357700000000015,1.3102600000000015,1.3141800000000015,1397036
2025-01-09T00:00:00+00:00,1.3141800000000015,1.3148200000000014,1.2872800000000018,1.3005400000000018,1669184
2025-01-16T00:00:00+00:00,1.3005400000000018,1.3142600000000018,1.2926300000000017,1.3074100000000017,1696461
2025-01-23T00:00:00+00:00,1.3074100000000017,1.330640000000002,1.3059500000000017,1.3232600000000019,1702589
2025-01-30T00:00:00+00:00,1.3232600000000019,1.3437500000000018,1.3136600000000018,1.3391800000000018,2112580
2025-02-06T00:00:00+00:00,1.3391800000000018,1.3396800000000018,1.3242100000000019,1.335180000000002,1470733
2025-02-13T00:00:00+00:00,1.335180000000002,1.354830000000002,1.334620000000002,1.349450000000002,1348118
2025-02-20T00:00:00+00:00,1.349450000000002,1.363370000000002,1.348310000000002,1.359160000000002,1440638
2025-02-27T00:00:00+00:00,1.359160000000002,1.3816600000000019,1.347720000000002,1.3809300000000018,1942808
2025-03-06T00:00:00+00:00,1.3809300000000018,1.3918400000000017,1.3781600000000018,1.3888100000000019,1897392
2025-03-13T00:00:00+00:00,1.3888100000000019,1.3965000000000016,1.3841000000000019,1.3956900000000017,1264259
2025-03-20T00:00:00+00:00,1.3956900000000017,1.3968600000000018,1.3841500000000018,1.3863200000000018,1130760
2025-03-27T00:00:00+00:00,1.3863200000000018,1.4006500000000017,1.3841500000000018,1.3978800000000018,1280273
2025-04-03T00:00:00+00:00,1.3978800000000018,1.4189000000000018,1.3751400000000016,1.3857900000000016,3920114
2025-04-10T00:00:00+00:00,1.3857900000000016,1.4332100000000016,1.3843400000000017,1.4279900000000016,2796697
2025-04-17T00:00:00+00:00,1.4279900000000016,1.4489400000000014,1.4242400000000015,1.4315700000000013,2794899
2025-04-24T00:00:00+00:00,1.4315700000000013,1.4513600000000013,1.4309000000000014,1.4395100000000014,1298299
2025-05-01T00:00:00+00:00,1.4395100000000014,1.4481200000000014,1.4329400000000014,1.4367300000000014,1397364
2025-05-08T00:00:00+00:00,1.4367300000000014,1.4490000000000014,1.4269600000000013,1.4382900000000014,1448467
2025-05-15T00:00:00+00:00,1.4382900000000014,1.4592100000000012,1.4378700000000013,1.4542500000000014,1389438
2025-05-22T00:00:00+00:00,1.4542500000000014,1.4737300000000013,1.4513500000000013,1.4608900000000014,1235403
2025-05-29T00:00:00+00:00,1.4608900000000014,1.4708800000000013,1.4559000000000013,1.4680600000000013,1344435
2025-06-05T00:00:00+00:00,1.4680600000000013,1.4745200000000014,1.4588400000000012,1.4670500000000013,1294084
2025-06-12T00:00:00+00:00,1.4670500000000013,1.4773300000000014,1.4551400000000014,1.4568600000000014,1610258
2025-06-19T00:00:00+00:00,1.4568600000000014,1.4874200000000013,1.4533600000000013,1.4864400000000013,1440523
2025-06-26T00:00:00+00:00,1.4864400000000013,1.5002600000000013,1.4776500000000012,1.4845400000000013,1416800
2025-07-03T00:00:00+00:00,1.4845400000000013,1.4895400000000012,1.4746600000000012,1.4806400000000013,1279273
2025-07-10T00:00:00+00:00,1.4806400000000013,1.4840900000000012,1.4586900000000014,1.4641000000000015,1318850
2025-07-17T00:00:00+00:00,1.4641000000000015,1.4805700000000015,1.4595800000000014,1.4800100000000014,1138200
2025-07-24T00:00:00+00:00,1.4800100000000014,1.4810300000000014,1.4466400000000015,1.4472400000000014,1479790
2025-07-31T00:00:00+00:00,1.4472400000000014,1.4609300000000014,1.4379600000000015,1.4588700000000014,1683158
2025-08-07T00:00:00+00:00,1.4588700000000014,1.4839900000000015,1.4586400000000015,1.4829000000000014,1302979
2025-08-14T00:00:00+00:00,1.4829000000000014,1.4849700000000015,1.4705600000000014,1.4714400000000014,1120713
2025-08-21T00:00:00+00:00,1.4714400000000014,1.4802400000000013,1.4648700000000014,1.4765500000000016,1337605
2025-08-28T00:00:00+00:00,1.4765500000000016,1.4831000000000016,1.4614200000000017,1.4724800000000016,1249782
2025-09-04T00:00:00+00:00,1.4724800000000016,1.4889400000000017,1.4697600000000015,1.4826500000000016,1295332
2025-09-11T00:00:00+00:00,1.4826500000000016,1.5025400000000018,1.4790100000000017,1.4922300000000017,1291015
2025-09-18T00:00:00+00:00,1.4922300000000017,1.4959700000000016,1.4725300000000017,1.4745000000000017,1310219
2025-09-25T00:00:00+00:00,1.4745000000000017,1.4826200000000016,1.4622500000000016,1.4774700000000016,1330567
2025-10-02T00:00:00+00:00,1.4774700000000016,1.4832200000000015,1.4699800000000016,1.4744700000000015,1256713
2025-10-09T00:00:00+00:00,1.4744700000000015,1.4761300000000015,1.4591400000000014,1.4743500000000014,1508007
2025-10-16T00:00:00+00:00,1.4743500000000014,1.4814800000000015,1.4643600000000014,1.4693200000000015,1524093
2025-10-23T00:00:00+00:00,1.4693200000000015,1.4699800000000016,1.4465400000000013,1.4519900000000014,1365186
2025-10-30T00:00:00+00:00,1.4519900000000014,1.4544700000000013,1.4360300000000015,1.4399900000000014,1126838
2025-11-06T00:00:00+00:00,1.4399900000000014,1.4549000000000012,1.4393800000000014,1.4490300000000012,1207778
2025-11-13T00:00:00+00:00,1.4490300000000012,1.4573600000000013,1.4415800000000012,1.442990000000001,1446209
2025-11-20T00:00:00+00:00,1.442990000000001,1.4617800000000012,1.4410200000000013,1.461250000000001,1641316
2025-11-27T00:00:00+00:00,1.461250000000001,1.473390000000001,1.455930000000001,1.4731600000000011,1568491
2025-12-04T00:00:00+00:00,1.4731600000000011,1.478530000000001,1.468340000000001,1.477790000000001,1224366
2025-12-11T00:00:00+00:00,1.477790000000001,1.484370000000001,1.4699500000000012,1.476340000000001,1289806
2025-12-18T00:00:00+00:00,1.476340000000001,1.4921900000000012,1.4728900000000011,1.4889300000000012,1471416
2025-12-25T00:00:00+00:00,1.4889300000000012,1.4918700000000011,1.478910000000001,1.484340000000001,973338
2026-01-01T00:00:00+00:00,1.484340000000001,1.496270000000001,1.4808900000000011,1.485140000000001,930641
2026-01-08T00:00:00+00:00,1.485140000000001,1.489480000000001,1.4784600000000012,1.4839200000000012,1213795
2026-01-15T00:00:00+00:00,1.4839200000000012,1.4926800000000011,1.4762800000000011,1.4859700000000011,1320887
2026-01-22T00:00:00+00:00,1.4859700000000011,1.528370000000001,1.483660000000001,1.521970000000001,1766393
2026-01-29T00:00:00+00:00,1.521970000000001,1.526270000000001,1.5041800000000012,1.5058400000000012,1544406
2026-02-05T00:00:00+00:00,1.5058400000000012,1.5153600000000012,1.492730000000001,1.5068600000000012,1166598
2026-02-12T00:00:00+00:00,1.5068600000000012,1.5112900000000011,1.4926600000000012,1.4934700000000012,1057257
2026-02-19T00:00:00+00:00,1.4934700000000012,1.499490000000001,1.4875400000000012,1.498670000000001,1175412
2026-02-26T00:00:00+00:00,1.498670000000001,1.5003900000000012,1.474970000000001,1.487000000000001,2115756
2026-03-05T00:00:00+00:00,1.487000000000001,1.5050000000000008,1.479420000000001,1.4977600000000009,2207871
2026-03-12T00:00:00+00:00,1.4977600000000009,1.4978500000000008,1.4763400000000009,1.4799500000000008,1772966
2026-03-19T00:00:00+00:00,1.4799500000000008,1.5051900000000007,1.478890000000001,1.4936100000000008,2851961
2026-03-26T00:00:00+00:00,1.4936100000000008,1.4951000000000008,1.4732000000000007,1.4871000000000008,1863999
2026-04-02T00:00:00+00:00,1.4871000000000008,1.5058900000000008,1.4750200000000009,1.4966100000000009,1772092
2026-04-09T00:00:00+00:00,1.4966100000000009,1.5237200000000009,1.4955100000000008,1.5205200000000008,1357461
2026-04-16T00:00:00+00:00,1.5205200000000008,1.5247300000000008,1.5151900000000007,1.5177700000000007,1418103
2026-04-23T00:00:00+00:00,1.5177700000000007,1.5276000000000007,1.5125500000000007,1.5175000000000007,1836275
2026-04-30T00:00:00+00:00,1.5175000000000007,1.5357600000000007,1.5153800000000006,1.5263900000000006,1768477
2026-05-07T00:00:00+00:00,1.5263900000000006,1.5403200000000006,1.5215100000000006,1.5272200000000007,1130132
2026-05-14T00:00:00+00:00,1.5272200000000007,1.5282600000000006,1.5054900000000004,1.5185800000000005,1355015
2026-05-21T00:00:00+00:00,1.5185800000000005,1.5222600000000006,1.5129800000000004,1.5139800000000005,1065783
2026-05-28T00:00:00+00:00,1.5139800000000005,1.5198900000000006,1.5080800000000005,1.5127600000000008,1531395
2026-06-04T00:00:00+00:00,1.5127600000000008,1.5195000000000007,1.5030000000000006,1.5091900000000007,1673428
2026-06-11T00:00:00+00:00,1.5091900000000007,1.5184900000000006,1.4986100000000007,1.5012600000000007,1632241
2026-06-18T00:00:00+00:00,1.5012600000000007,1.5048900000000005,1.4887100000000006,1.4932400000000006,1681972
2026-06-25T00:00:00+00:00,1.4932400000000006,1.5046800000000005,1.4917500000000006,1.5028900000000005,1608340
2026-07-02T00:00:00+00:00,1.5028900000000005,1.5167800000000005,1.5018600000000004,1.5145100000000005,1774537
2026-07-09T00:00:00+00:00,1.5145100000000005,1.5329600000000005,1.5113900000000005,1.5310600000000005,1669524
2026-07-16T00:00:00+00:00,1.5310600000000005,1.5316000000000005,1.5140400000000005,1.5159900000000004,1516652
2026-07-23T00:00:00+00:00,1.5159900000000004,1.5179600000000004,1.5041100000000003,1.5133300000000003,1552371
2026-07-30T00:00:00+00:00,1.5133300000000003,1.5244500000000003,1.5100500000000003,1.5218900000000004,530983
